model,a,b,c,bic,task_id,slope,intercept,d
quadratic,0.7312524602715109,0.3935135999480372,-0.10239469115507002,-124.89115450112175,2,,,
linear,,,,-162.54017679127531,9,0.7062264599810993,0.29791649480676785,
linear,,,,-107.37851178506581,13,0.7119200038583584,0.2618590269286807,
quadratic,0.4040693214339206,0.5696724947162946,0.03503099618253088,-158.35178837711638,17,,,
linear,,,,-142.81540605896734,18,0.9779248407362802,0.0204204429812197,
quadratic,0.4527018871571483,0.49230533101047397,0.03695687064521296,-151.44478510313488,22,,,
linear,,,,-126.83764773783115,25,0.9011643036967896,0.11679195178862982,
quadratic,0.36746452137416646,0.22238519483736985,0.43020778675709853,-167.02960946657305,28,,,
linear,,,,-158.88551664684067,31,1.0513594807646507,-0.059433360175703775,
quadratic,2.9989025645229814,-2.7043820208674303,0.6866800225906948,-141.28359308031955,38,,,
linear,,,,-54.692613771345876,39,-0.2660120793024296,0.841319852985633,
linear,,,,-143.64921474799604,44,1.318421053793702,-0.3080639106211257,
quadratic,0.4281576140605677,0.5603511256809643,0.02500226065071412,-176.6767406214552,51,,,
quadratic,-0.7837754866492647,1.6674653166901967,0.11403247196682122,-136.75322440105205,78,,,
quadratic,0.46643357626024207,-0.012527778575950776,0.5587619112311334,-181.7597889296072,79,,,
quadratic,0.24423975245394217,0.5665103568073406,0.18172935924909722,-174.84919213908245,109,,,
linear,,,,-50.1283941462944,116,0.5537757373444061,0.12547674052141408,
linear,,,,-50.376244980849556,122,-0.5308270621227151,0.8036842071863846,
quadratic,0.3629671649547592,0.547924214516261,0.07845223462783663,-116.73233537309729,133,,,
quadratic,0.620907903730737,0.019524753838869313,0.3667366487817175,-181.17024914280867,134,,,
linear,,,,-101.34452502465146,139,0.45071153007702525,0.544765671380614,
linear,,,,-inf,163,0.0,5e-324,
linear,,,,-53.101486579052505,175,0.4379410097620129,0.2939811447238293,
linear,,,,-160.18162991978562,245,1.0135758777879662,-0.012512206457510722,
linear,,,,-134.43121334082858,248,0.9523568592967967,0.030992062276329557,
linear,,,,-147.7259081847101,264,1.0137068851191804,-0.03283956651143777,
linear,,,,-24.358879954218285,269,-0.7094170403624733,0.7329596412550232,
linear,,,,-149.61622483432416,290,1.036802940240091,-0.03184118670814007,
linear,,,,-135.04010727552358,323,-0.8122178875942333,1.1619291483871232,
quadratic,0.3609349145620955,0.5994549997494238,0.05077506294455325,-161.16756853492697,325,,,
quadratic,0.9968301579784148,0.010879009271679951,-0.0036350492355750517,-217.9630131421325,333,,,
quadratic,1.0000000378923959,-5.2171588263607466e-08,1.687663257098421e-08,-815.1809733546633,335,,,
quadratic,0.2649367091611982,0.45280982165863015,0.25780644923410845,-150.57409675270497,339,,,
linear,,,,-50.92697837441086,359,0.45197171826227195,0.39651879681744495,
quadratic,0.21612508962072952,0.45702088583875455,0.3218100109144056,-177.5244545044304,361,,,
quadratic,0.22917159001800264,0.7847110796770684,-0.019734651501127434,-161.04318853469215,371,,,
quadratic,0.3205788158976891,0.7079705295455436,0.0011353831672561432,-145.05951441579663,373,,,
linear,,,,-85.69737421988707,374,0.8136886489889401,0.151413167299012,
quadratic,0.4230823082987474,0.5361292487442044,0.027676850097245038,-143.39827245239,384,,,
quadratic,0.13705892666637312,0.7694896570983811,0.07610817540485844,-152.47149780510784,400,,,
linear,,,,-149.82141818279632,407,0.8144762306530933,0.18865815947579667,
quadratic,0.16129091354871244,0.7387270242888517,0.11185853606699586,-166.50834071519515,411,,,
quadratic,0.9999999738028015,3.279204395680639e-08,-9.301988065572022e-09,-819.433340660613,416,,,
quadratic,0.39893775467547676,0.6286600635075044,0.0025597469014705387,-165.5318155364806,448,,,
quadratic,0.4688338954188651,0.5454173133554658,-0.00043932598972440395,-161.8816612449156,449,,,
linear,,,,-42.786089694754565,456,-0.11232749104461304,0.46303733124903523,
quadratic,0.2023261651783582,0.6206486231721365,0.190678518246206,-153.20942636244283,457,,,
quadratic,0.1210205484847294,0.8222205610465829,0.062190930118438445,-172.3365787024128,472,,,
linear,,,,-134.77430640484857,474,1.0354678831409416,-0.025905850720026533,
linear,,,,-100.9138982162186,489,1.0418604643426397,-0.04147286772339863,
linear,,,,-50.211656838393424,506,0.3454791910527577,0.36807767583735507,
linear,,,,-inf,544,0.0,0.0,
quadratic,0.25510794776631335,0.733976581568272,0.03143484623053264,-158.6732194465699,549,,,
linear,,,,-137.29925957367647,552,0.8424539875272286,0.12387457260696755,
linear,,,,-125.8127556903661,581,0.41027351611344576,0.5801623526570783,
quadratic,0.351239391950079,0.6533203940043982,0.02653455315708564,-129.27485550568426,583,,,
quadratic,0.04312899623736656,0.9423996398414064,0.01647871911645274,-195.88523966571924,585,,,
linear,,,,-199.00450526556742,594,0.9932951819134169,0.0021706933756764357,
quadratic,0.28952116595349353,0.7613740224787162,-0.028385006242085176,-139.92362479269252,598,,,
quadratic,1.2013939162512508,-2.9079142882458826,1.864873602791293,-116.54383351582129,607,,,
quadratic,0.276325136358972,0.6199631050526557,0.11926351703005675,-158.32840450928035,609,,,
quadratic,0.2858381591522354,0.5524650263441503,0.16562134957974514,-163.70948467341728,614,,,
linear,,,,-inf,622,-1e-323,5e-324,
quadratic,0.1194467862102369,0.9869162284923947,-0.10307399434453002,-152.93463181304264,656,,,
quadratic,-0.22562285379497454,-0.6433045887746732,1.0288347875793005,-141.444709271779,663,,,
linear,,,,-170.87118960300253,664,0.9675523130680994,0.03944903488352469,
linear,,,,-192.79529283225915,680,0.6683471895481123,0.3364249782733352,
quadratic,1.6602617648034734,-3.018824839185107,1.3763119919905453,-126.90133907122438,690,,,
quadratic,0.09424386414270267,0.7479338948912052,0.15761562801426712,-175.27855037371643,694,,,
linear,,,,-159.08456204360536,702,0.3376862554120632,0.6511730208327438,
quadratic,0.25198241764127743,0.4356767023253254,0.3155866603943517,-170.6050541594367,706,,,
quadratic,0.24444822431293728,0.6816162872393557,0.06482598812640747,-156.87559171783164,707,,,
linear,,,,-154.09617094127876,719,0.9073297656930183,0.08670841228795001,
linear,,,,-145.3936706653496,720,1.0212734796429241,-0.020082005149173056,
quadratic,0.17706902536915525,0.8521078586339844,-0.009464749636770131,-157.33577847444482,729,,,
linear,,,,-101.97119766960128,731,-0.37185141749029094,1.2017646958386954,
quadratic,-0.2510157269544453,-0.4664072932428095,1.0088546713363353,-131.0955691338376,741,,,
quadratic,0.7732059200265917,0.5239000855575492,-0.27259950390138943,-151.4867991387881,743,,,
linear,,,,-inf,758,-2e-323,2e-323,
linear,,,,-180.18857451205187,779,0.8237631757078885,0.17551446045270125,
linear,,,,-140.3945724835949,780,0.8125124488019739,0.192076053502379,
periodic,-1.4702055621253576,1.3899937500668411,,-98.24478782940372,815,,,1.8030809375660952
quadratic,0.767372218579267,0.2532583815192235,-0.014600901014752758,-173.44908975438614,838,,,
quadratic,0.33247970397775795,0.6274515694502989,0.03492106285362387,-135.6630754009365,853,,,
exponential,1.0003410006559954,-4.00318741949084,0.28856046374720923,-115.61016646144935,854,,,-0.08134303434052756
periodic,0.6815803036672213,-2.374550166664455,,-123.95673876982005,859,,,1.3982135972556369
quadratic,0.09700448167803094,0.6469485565624782,0.26126896944965994,-164.6996301123808,861,,,
periodic,0.2189990802366864,-2.9280580037635158,,-101.70061576615784,885,,,1.0782608554441708
linear,,,,-86.99150263063639,891,-0.596896794519984,0.9905723164745779,
linear,,,,-87.96216605554098,894,-0.835507136288581,1.0605800220617092,
quadratic,0.29717212527552517,-0.013702295825677169,0.7247619486497153,-205.97551786541422,923,,,
linear,,,,-157.8106914570316,924,0.8426489201510536,0.15053048718395956,
linear,,,,-50.31730899027987,952,-0.41961581049698415,1.2725774080852137,
linear,,,,-162.7927323393826,973,0.9181428341634871,0.08398219179001387,
linear,,,,-185.63391268047306,977,0.9854323307900686,0.0014724311109608258,
quadratic,0.18314787012167122,0.8397048920237709,-0.0043579741240217405,-142.98301249397133,985,,,
quadratic,0.35548848253072374,0.6814368084942873,-0.03662515730818701,-181.35615286436078,993,,,
linear,,,,-166.0541462840431,998,0.6101584515895565,0.38029067570090036,
quadratic,0.42440183523274233,0.5168744238485968,0.07298188146912038,-187.90425144336072,1022,,,
linear,,,,-162.24224172782564,1036,0.5937536147757992,0.40652111048399636,
linear,,,,-58.71603850588089,1038,0.4392641474627802,0.3528939099799553,
quadratic,0.23475727683188996,0.7934612057382716,-0.018261599091313425,-195.773251286676,1039,,,
quadratic,0.18217373645354962,0.8402563660378182,-0.02619110508726763,-155.9119250787538,1040,,,
quadratic,0.3633073963717255,0.5696023105585533,0.02484912145754692,-122.75349878109938,1067,,,
quadratic,0.13634658417920645,0.9121603018087323,-0.04246298005904051,-165.65925451909152,1069,,,
linear,,,,-174.83034578354986,1076,0.9193333126504336,0.06627864370247938,
quadratic,0.06677630415807972,0.9159014989584017,0.015841244447322045,-177.92520311884667,1084,,,
quadratic,0.2044344126903985,0.7954233174707643,-0.00026507904006806143,-165.0131668858474,1087,,,
linear,,,,-135.25445238336414,1091,1.001634662696258,-0.054887307184609636,
linear,,,,-144.04586619546635,1131,0.9993904097710229,0.00018384451950081981,
quadratic,0.23437028058535578,0.8338846061091979,-0.055403111330542563,-147.18595751671685,1156,,,
quadratic,0.09040195385184673,0.8543867033445453,0.05288624767336012,-171.66891472850742,1159,,,
quadratic,0.3237367851619778,0.7080022313085687,-0.025096346688971795,-186.13886722200732,1161,,,
quadratic,0.9410840337325672,-0.23767180815333755,0.2581604354842517,-91.32827909026568,1178,,,
quadratic,0.7083709181919928,0.23217538909898183,0.04175639720009372,-149.26523226253323,1182,,,
linear,,,,-163.87019297784383,1192,0.9101715274511044,0.08894883182809638,
linear,,,,-141.8743854326848,1231,-0.09108071344227064,0.04165069292363932,
quadratic,0.3504559451949554,0.6470799171795644,0.02158336198300401,-111.86998385488772,1232,,,
linear,,,,-143.3391387938126,1233,0.9592570927925006,0.0035777997968675646,
linear,,,,-192.67221020934494,1234,0.6471186410259255,0.35580366494419835,
linear,,,,-148.11096788961336,1237,0.9804661702929766,-0.012227091717420757,
quadratic,0.30826983000524977,0.5559189129640824,0.17710515185083187,-141.73141323784478,1243,,,
quadratic,0.20510087005716782,0.6325471446578051,0.162047427296681,-168.8810114456609,1252,,,
linear,,,,-134.78105014244352,1261,0.3813654633089259,0.610650467092518,
linear,,,,-105.82300514319137,1263,1.59708436453418,-0.5547215482437491,
quadratic,0.023050899579576605,0.9716288088634043,0.005947746384172304,-219.7590065502307,1265,,,
linear,,,,-173.68915215006842,1268,0.9512496002899826,0.045431613387114544,
linear,,,,-54.85382050934444,1282,-0.19759107438864051,0.6662581482640897,
quadratic,0.3386505032957777,0.5005090671753204,0.1399204370465976,-132.7647857900471,1283,,,
linear,,,,-42.44740982026033,1284,-0.21412358211484173,0.7177301369083555,
linear,,,,-173.51038349946148,1297,0.9351492561068859,0.0645342570873834,
linear,,,,-104.30447127979981,1298,-0.149697068278745,0.6303889431088653,
linear,,,,-134.236157034144,1305,0.7145768848221049,0.31363286730281853,
linear,,,,-61.87440499661625,1311,0.6799560155764401,0.17633380945697963,
quadratic,0.21936355925537976,0.8818721447447676,-0.10165444268645431,-148.18199105813832,1314,,,
linear,,,,-98.24991842254046,1320,1.0002547957655783,-0.037984816514456066,
linear,,,,-163.1695846589919,1329,0.7949390489749881,0.20228417021589426,
quadratic,0.4037366147989606,0.494572795038096,0.10950877204587257,-163.00958400522936,1342,,,
linear,,,,-177.13989306864985,1349,1.015334155408326,-0.009754034634329889,
quadratic,0.29561838550784575,0.42472228444290744,0.26429413618584574,-140.42303055051963,1351,,,
quadratic,0.7608732023280314,0.26292584141806347,-0.007026316819168749,-181.14512846535567,1354,,,
linear,,,,-141.13737927339716,1367,0.9076038082919994,0.06381458451630873,
linear,,,,-155.85014143663912,1372,0.8961709812128064,0.09754874600763618,
linear,,,,-48.62073196574067,1379,0.364656671360891,0.35860853240100676,
linear,,,,-189.3361615202519,1387,1.0334762489669518,-0.03423019144255979,
quadratic,0.0730812822746864,0.883694608946848,0.046148097990138505,-184.1956732822831,1399,,,
linear,,,,-148.8636826748549,1410,1.0342347535732912,-0.031141390112388923,
quadratic,0.16233673528016573,0.6774285968711395,0.1614820071086594,-155.22969602057955,1417,,,
linear,,,,-141.1130892477692,1429,0.9396731368280449,0.017857568960486847,
linear,,,,-136.7888742180192,1439,1.0751458585083715,-0.062268705340347605,
quadratic,0.4312912647817332,0.5861218410866538,-0.0012027572787842722,-159.13983832099493,1440,,,
linear,,,,-160.65415380774832,1456,0.8814776534489978,0.10485638455881811,
linear,,,,-94.92733143532797,1457,0.9898926954461335,-0.02218720067451141,
linear,,,,-143.77574658482155,1460,0.9629605764723824,0.049978271208515834,
linear,,,,-170.99935771815345,1492,0.7696997068424737,0.22889633929841013,
linear,,,,-193.11586946807432,1506,1.0384783451151511,-0.039085483310640864,
quadratic,0.35410310337359957,0.4669701076296721,0.19605427744487997,-128.9608219523301,1525,,,
quadratic,0.17749489251458203,0.9179320890164339,-0.1030072456367523,-154.78990787501672,1534,,,
linear,,,,-193.09027098167607,1536,0.6122154540337098,0.39511010221454584,
linear,,,,-162.27051129366367,1544,0.8495037681512073,0.12862401232527,
linear,,,,-47.15253431818985,1560,0.1129025065090633,0.5020898204442765,
linear,,,,-116.89038695651315,1561,0.9896214479523917,-0.02471879843165814,
quadratic,0.060568952905526045,0.6002189436504931,0.3434622882923904,-182.70823081125414,1569,,,
linear,,,,-66.73046903316019,1572,0.2543712885018906,0.5198564449751069,
linear,,,,-161.4652154067598,1591,1.0507580796550247,-0.055609175736586,
linear,,,,-169.8527751238981,1594,0.8351417868637667,0.15153120985314827,
quadratic,0.6258729559930998,0.3511549321695054,0.01644128078609352,-165.9705741594013,1605,,,
linear,,,,-167.1133312319849,1621,1.0498056922301018,-0.06573114863359833,
linear,,,,-133.41422342909905,1636,1.0066167060597426,-0.022098556233648335,
quadratic,0.35185076024454787,0.711164553448594,-0.03497166946066763,-136.3746610770739,1645,,,
quadratic,0.48205526877378824,0.4598222888236532,0.06676356014283942,-145.77415581957354,1652,,,
quadratic,-0.3524868453338918,-0.1905926133498681,1.004172779763247,-125.96509771727474,1657,,,
linear,,,,-119.17101545234473,1669,0.8618941180393489,0.10324827881654497,
quadratic,0.15384544433784744,0.7775854221632896,0.07362449133186151,-179.14971441815374,1677,,,
linear,,,,-44.28182931200827,1682,-0.08340691249852927,0.6191806940307765,
linear,,,,-149.21084142772816,1694,-0.8018597454898807,1.0229698263659206,
quadratic,0.7404008339781073,0.19431539749670967,0.05628697160427315,-122.27144847980676,1698,,,
periodic,0.7979875918463492,1.7357774131540544,,-105.30134750315558,1708,,,0.07970939670988622
quadratic,0.17255881871483397,0.6819790673974809,0.13168151940505535,-172.21974468244983,1716,,,
linear,,,,-162.1849026324671,1724,1.0333988820765263,-0.017391135024235727,
quadratic,0.21734226249489674,-0.004928813988459346,0.7896149212742062,-202.00393365095124,1757,,,
linear,,,,-154.89072124998026,1780,0.8661851303087094,0.12873965366804016,
quadratic,0.3565442569805424,0.523148921022248,0.11305041390873062,-135.9843977131271,1789,,,
linear,,,,-197.7616873866393,1793,0.18951464426515272,0.8061308102134453,
quadratic,0.09349058475946861,0.9354589759584241,-0.02565413854375977,-172.84688327247986,1807,,,
quadratic,0.2566860522292437,0.3127149499279135,0.4333329036331619,-180.82262364228168,1811,,,
linear,,,,-166.4535311354845,1813,0.9900194634389076,0.004573179937414573,
linear,,,,-143.244368138054,1814,0.9632905232568051,0.044369487327501345,
linear,,,,-153.5895156839065,1823,2.6228422422907927,-1.6281984499892594,
linear,,,,-126.93421543563572,1824,0.7888440110160255,0.17456921994626062,
linear,,,,-114.3966103312232,1836,0.889147683767363,0.051265365057656956,
quadratic,0.1588798287891599,0.6766802107272937,0.1802733895317436,-156.1649584132582,1844,,,
linear,,,,-179.93577024816872,1851,1.0656016891971558,-0.07887263956436064,
quadratic,0.2848860533201035,0.6811344665719724,0.022034779400720555,-151.56075040211493,1858,,,
quadratic,0.19079079133877597,0.8127941862512741,0.005291324816503629,-153.18238559754215,1861,,,
linear,,,,-178.48714312160823,1862,0.9906040394943961,0.002366528348026801,
quadratic,0.16686328907164766,0.8182260575666808,0.011977340598209674,-158.19598693828115,1870,,,
linear,,,,-137.28933280480808,1886,1.017571828618094,-0.026880666804256312,
linear,,,,-142.61111924209783,1887,1.1815273900064904,-0.17785050885703507,
linear,,,,-96.13419297077387,1897,1.0185041961571994,-0.04366865554729883,
linear,,,,-91.29781092078834,1898,0.9453915408571725,0.02111020313620463,
exponential,1.299171597881764,-6.17385064325985,0.3157216519057146,-148.0445659600334,1914,,,0.027205093005859812
quadratic,0.5712005515667676,0.09146811924715081,0.33047493056527,-162.42182891118185,1915,,,
linear,,,,-80.1615879559865,1948,0.16879538329431684,0.6795502779467516,
linear,,,,-195.2826686489848,1965,0.46163071056454563,0.5392675134302306,
quadratic,0.05856835962097672,0.9286424083672942,0.015074758333156482,-175.00314563174132,1967,,,
linear,,,,-150.26922179031916,1973,1.0222177192930115,-0.023022359463670202,
exponential,0.29447855471395895,0.9233703497424417,0.822358973639551,-163.148058332029,1977,,,-0.6790354852033764
linear,,,,-153.58953346719477,2020,1.0435844785311272,-0.0718920610697691,
linear,,,,-103.03144919734298,2030,0.6919132267950245,0.27932723560814177,
exponential,0.9991209507442336,-3.6484907171481846,0.25143454616436584,-143.3515250212043,2057,,,0.1985565377624115
linear,,,,-185.00006818122176,2063,1.0397869369488495,-0.04890045913996488,
quadratic,0.2554996324660432,0.7222226086962741,0.009560779723372636,-164.46926440348338,2064,,,
quadratic,0.16633567439698932,0.8901618308815359,-0.05842897827563939,-181.95606671582468,2076,,,
linear,,,,-142.4175007769641,2078,0.6277787509761166,0.36681521009359397,
linear,,,,-55.93625074260237,2090,0.020288960678910395,0.6688264997460182,
linear,,,,-60.34976451680424,2104,2.696357576602355,-1.7012942002903881,
quadratic,-0.3308170024848034,-0.7022505230400196,1.24027806824127,-138.51785165106867,2123,,,
quadratic,0.22548198204206776,0.6963178801464256,0.07740333324683096,-37.24993523598091,2144,,,
quadratic,0.5444106216656776,0.49120486071493935,-0.02239234138885076,-198.1024412824667,2145,,,
linear,,,,-inf,2148,5e-324,-5e-324,
linear,,,,-157.25374421293654,2150,1.2701165341791731,-0.26280143086615865,
quadratic,0.18550075814490258,0.66448213697276,0.16522402212089313,-134.80288770975454,2192,,,
linear,,,,-171.82649576008177,2200,1.3295006766922863,-0.3439329108865947,
quadratic,0.16695819707961057,0.681919403030968,0.15381642223044192,-171.86192176082886,2212,,,
quadratic,0.13370116602000787,0.7179117391602068,0.14861750658949754,-151.27289673259347,2219,,,
quadratic,0.16889331756622436,0.19967997283578132,0.6346660847354005,-211.24391187297798,2233,,,
periodic,1.2111195357384426,0.854010105317295,,-162.4190823211953,2246,,,0.10147543864060868
quadratic,0.3561301145226986,0.1286286563816247,0.5104672701718198,-177.75468730324576,2256,,,
linear,,,,-174.70451714509898,2262,0.8420059425614201,0.17219275685669166,
exponential,1.1023919757330398,-2.860895601429368,0.17858222986480696,-132.18422760654286,2265,,,0.12586138705201752
linear,,,,-146.66136767042013,2270,0.8705586285435495,0.0895853193752667,
linear,,,,-84.90026848575539,2276,0.7879194570232657,0.17995985981545914,
quadratic,0.08917946579376712,0.9296912425750044,-0.01701693545731242,-155.3115755473388,2281,,,
linear,,,,-174.66919881763724,2287,1.0268138802847189,-0.03392892358208383,
linear,,,,-163.3829106106524,2328,0.5783779519787667,0.42686128079671004,
quadratic,0.5387851458600739,0.3042023685607346,0.1743865738266691,-132.91659201127655,2340,,,
quadratic,0.0828851272325101,0.4591188525927742,0.4731822067910283,-177.41582305359998,2346,,,
linear,,,,-185.49629739060356,2347,1.0065266256189895,-0.01115063364003126,
quadratic,0.09115531595252976,0.8624828108353804,0.057327521554811134,-183.95293761921076,2373,,,
quadratic,0.41489546558767143,0.7826532706988553,-0.18522247381817408,-145.6429600589656,2376,,,
quadratic,0.08918500740219373,0.898045141783313,0.0016326378984882995,-159.17068384197844,2380,,,
linear,,,,-139.35085690878466,2400,0.8713429393897117,0.10917352905561215,
quadratic,0.3043585353198394,0.3537663441758072,0.35755455053996366,-177.48831086509816,2407,,,
linear,,,,-165.4628846393428,2433,0.9663669196592912,0.01796772039842809,
quadratic,0.15789924241093847,0.8563710584136632,0.010299939743997117,-166.30481293041268,2437,,,
linear,,,,-178.41292464807722,2443,0.8204451593142321,0.17252703290859875,
quadratic,0.10646484888800971,0.7179900815717488,0.1733163438375218,-163.54818082879495,2444,,,
quadratic,0.25186317374773737,0.7013459571177594,0.06747801777426099,-129.0118250898089,2445,,,
linear,,,,-133.36662641649175,2447,0.8392165858848686,0.1477119571624581,
linear,,,,-123.41957431320732,2448,0.922419462420095,0.057478631602563175,
linear,,,,-168.4347421620644,2455,0.9868357653322771,0.019322198906420285,
linear,,,,-144.98894167793222,2464,0.6698930532897498,0.33212185327325944,
linear,,,,-139.25308810535134,2471,0.8605701627412248,0.11286102727427841,
linear,,,,-138.36865444573593,2558,0.47224993601647175,0.5158026940992941,
quadratic,-0.30346410653798245,-0.6073479398317958,1.1125736758027205,-132.57321234086496,2571,,,
exponential,0.8061034936415385,-4.409868378464716,0.6487071003802642,-154.0714975484545,2573,,,-0.010133281845270655
quadratic,0.19200814952767867,0.6697863848409823,0.1585832700747379,-165.49612640331333,2587,,,
quadratic,0.34808611014432883,0.4905673438731781,0.19001073728200268,-131.59933670062765,2592,,,
linear,,,,-88.52545412170788,2593,0.5405362605226941,0.4451952880166926,
quadratic,0.11499336301159711,0.8315789503587029,0.06040247617791737,-187.61571327849197,2613,,,
quadratic,0.19274462040576598,0.7498822817562737,0.0657630855553791,-174.28898535866583,2614,,,
quadratic,0.24403439039489414,0.5974109987218535,0.14991857778607356,-159.04948936802268,2624,,,
quadratic,0.5334091927003258,0.16938776851617804,0.28759875560201426,-166.89233148596506,2634,,,
linear,,,,-149.95136419554674,2641,0.7436401093033436,0.27407272523120474,
linear,,,,-148.13447694556922,2647,1.1319441460210025,-0.12174006439128038,
linear,,,,-161.76880007614946,2655,0.904246009658583,0.08983560046064387,
linear,,,,-141.15284346639,2666,0.9504312147106545,0.011488150618284343,
linear,,,,-52.9980205698767,2677,0.0011884242526433164,0.5839776920360173,
linear,,,,-136.73574278728026,2693,1.5743107746701397,-0.5855105048018434,
quadratic,0.041643282594262664,0.9353049145982744,0.02178240490117438,-196.44662429818595,2728,,,
quadratic,0.6615111631970811,0.45864232187350834,-0.07697589771691439,-111.73172068293941,2734,,,
linear,,,,-103.89992287915013,2739,0.9489114231070519,0.028464054081471346,
linear,,,,-98.71408209721066,2768,-0.7881360609347584,0.9856446085874376,
linear,,,,-48.59325917711657,2771,-0.03810602059131041,0.6042506684114937,
quadratic,0.3294184224861374,0.5717752639661582,0.0425429569330419,-136.27671286550068,2775,,,
linear,,,,-52.50552990978217,2781,-0.1020222014691945,0.6722773590272897,
linear,,,,-139.41408029548137,2790,1.0518098100691584,-0.05405407705081777,
periodic,0.7113506825675742,1.7994165628781793,,-97.25822475938602,2791,,,0.16324280977373073
quadratic,0.61228101837818,0.24780073117068055,0.11784642767520555,-139.69074040300993,2792,,,
linear,,,,-161.8687536071541,2803,2.506393930000066,-1.505894509072386,
linear,,,,-136.49522227157954,2824,0.8839424487719757,0.08161006666571047,
quadratic,0.23935796520647903,0.5329106613938535,0.23459053349718184,-158.54066024885418,2835,,,
linear,,,,-134.8330712795356,2851,1.157534416728687,-0.16170172447917314,
linear,,,,-56.76702112977801,2863,-0.09665439657355424,0.7274562717400321,
linear,,,,-139.185652482568,2870,0.7987191548819997,0.1973913613026621,
periodic,1.900415247901317,-1.454269278400405,,-160.3302050691212,2880,,,2.4173892788488707
linear,,,,-132.71101436455996,2883,1.019635789098975,-0.06399955461376927,
quadratic,0.4112688693939372,0.6451448682170968,-0.049297854371621215,-159.627680475029,2885,,,
linear,,,,-195.33026611366952,2919,0.9761025055750713,0.019872484156525316,
quadratic,-0.395372608698131,0.4361693399037426,0.8177223362381469,-112.90107715708294,2921,,,
quadratic,-1.5053493763693664,-0.25884984550084716,1.7745780481639695,-79.60098599695338,2923,,,
linear,,,,-inf,2925,5e-324,-5e-324,
periodic,0.5719505669812631,-2.271672357561381,,-49.66163690024335,2930,,,0.9786151962201068
quadratic,0.12102912862492653,0.07452804849400423,0.796764828732705,-179.3330769571517,2961,,,
quadratic,0.21563137441920843,0.7382747229818114,0.031451978405581116,-148.7576693814049,2965,,,
linear,,,,-92.82897645378894,2969,1.2296707496847048,-0.30974344112513186,
linear,,,,-191.44739751144408,2998,0.4343413494276661,0.5788620272361154,
quadratic,0.39747571098127993,0.6102798768836464,0.02022436456990118,-155.36233996375444,3024,,,
linear,,,,-142.76980978844873,3037,1.0169547019014082,-0.014877761077391805,
linear,,,,-58.25567961378566,3046,-0.3167652521465614,0.8081954631895228,
quadratic,0.4423475520202799,0.6021039318888586,-0.04186991927701825,-156.58200097803663,3068,,,
quadratic,1.398742256097579,-1.6984107449036636,0.4119543915469567,-102.66179859411213,3076,,,
linear,,,,-81.57864052347145,3082,1.3504425469136285,-0.2116037083765718,
quadratic,0.3444977142707577,0.6103875029984005,0.02564100627149979,-139.81985628402575,3098,,,
linear,,,,-161.92444198372988,3107,1.0220879645895264,-0.024147434428715142,
linear,,,,-134.05237003322156,3122,1.0499095618401901,-0.07488519950754446,
linear,,,,-162.11882382032303,3138,0.9313583184170252,0.08615422726165112,
quadratic,0.527707917194469,0.30678303174084887,0.17369397528615343,-170.44144663239817,3150,,,
linear,,,,-181.44093374878767,3164,0.9365177899685587,0.06122363080688574,
linear,,,,-68.1875988344104,3169,0.8712870891856019,0.040200980361125516,
quadratic,0.05760260805675961,0.9235852617715049,0.021083965122246008,-179.15100565036965,3173,,,
linear,,,,-66.20921258947081,3178,-0.5321004173063227,0.7894679216061686,
quadratic,0.3974527504527166,0.6122754559950858,-0.009533867292759322,-136.57251488607798,3186,,,
quadratic,0.3763009010522944,0.3658691968768007,0.27497527121504406,-159.09709635727356,3189,,,
linear,,,,-148.37777103396886,3214,0.9604709036662742,0.08336714628564923,
periodic,1.2481252595459522,-1.659636583084115,,-118.57514573597959,3215,,,1.5209818758055076
linear,,,,-184.82966437258207,3218,0.6013918944688248,0.3924780856298702,
linear,,,,-150.17399350640628,3249,1.2814508857684659,-0.28100936854820857,
linear,,,,-162.93783408751943,3251,1.0149612106229378,-0.036426949863139324,
quadratic,0.31643770236792923,0.8045860060872851,-0.11410407234987045,-181.87473877135787,3263,,,
quadratic,0.18377601023104462,0.8563635708754588,-0.0012044199528944421,-142.3027040676248,3275,,,
quadratic,0.475927631803308,0.22943157679537166,0.27736588297968107,-169.37522967428595,3278,,,
quadratic,0.08860919596121307,0.7426374700432802,0.17793530736083435,-183.25192316745623,3289,,,
linear,,,,-156.17111651639883,3291,1.0023938703383213,0.015181225885482985,
linear,,,,-70.94844588239714,3298,-0.8788012505572579,1.0194691312729687,
linear,,,,-199.0184517407304,3299,-0.4600591313433203,1.1400792887239837,
linear,,,,-223.0939640427248,3312,0.9909300140658022,0.011645284845911985,
quadratic,0.695451548036877,0.23496384838164303,0.019504849450235586,-119.16681020907342,3315,,,
quadratic,0.8854109199466289,0.06105994997721076,0.09325836746236715,-135.66453417960736,3322,,,
linear,,,,-54.36238284365498,3327,-0.2514774665292016,0.6267214659738175,
linear,,,,-57.6210321847205,3387,-0.12732533121439116,0.7435920636190738,
linear,,,,-137.21670872300288,3389,0.7670108789259282,0.21945633500334716,
linear,,,,-48.906467014133554,3394,-0.429271060077977,0.7583627616494416,
quadratic,0.9386802757385915,0.7169309814497558,-0.6420118580155088,-107.97290035536723,3400,,,
linear,,,,-150.23257010760494,3438,0.9008041136657258,0.11877522379521459,
quadratic,-0.2017504711020958,-0.40034675979446316,1.263507355122056,-182.3963413253883,3446,,,
linear,,,,-139.6838329679367,3470,0.9480363217321437,0.0008680045654033686,
linear,,,,-136.7746034025213,3487,-0.3638922215095338,1.0444128261988286,
linear,,,,-154.90376287457994,3494,0.9748009249484983,0.009621226452807052,
linear,,,,-123.09442513487251,3495,0.8677972803931913,0.1406279485766567,
quadratic,0.13621381223197487,0.8226985876157915,0.045382464452723446,-170.46694439685254,3506,,,
quadratic,0.13794621864840131,0.8298466860741194,0.03250027434673889,-182.9218156031154,3514,,,
linear,,,,-160.19535145920747,3522,0.7749242058378577,0.21452242365730365,
linear,,,,-169.9065291040625,3523,1.0607195175774506,-0.05325345889534594,
linear,,,,-50.243882073218145,3533,0.02631578670597179,0.548684211251814,
quadratic,0.2718608117740868,0.6868515527995052,0.043906257029372966,-155.69667831054437,3542,,,
linear,,,,-156.7727371928678,3549,0.9657071935450823,0.03950654818321037,
quadratic,0.16710351924044564,0.6313842624023052,0.184696004453754,-142.73484330938678,3559,,,
quadratic,0.5050951167212745,0.455711823368771,0.04368990232830425,-162.70674087182582,3581,,,
quadratic,0.6801543669618603,0.2106011225749453,0.10486113739704672,-158.46821064476745,3621,,,
quadratic,0.6396045648532112,0.42426665098505456,-0.025479210115061976,-99.53541547207739,3622,,,
quadratic,0.18295489747731145,0.28928191048996726,0.5289864572763808,-178.15393682606327,3629,,,
linear,,,,-inf,3634,5e-324,0.0,
linear,,,,-155.02497056585773,3685,1.2532518885660973,-0.27582337229371134,
linear,,,,-61.446849979975255,3691,-0.26584817561961893,0.8473768289498308,
quadratic,1.3647299435792597,-0.7882464890112447,0.41668962008739585,-131.35514032210608,3703,,,
linear,,,,-151.9343345449549,3722,1.071884741689119,-0.06698266600043778,
quadratic,0.22930469170896794,0.0389337445157345,0.731048221227645,-232.86255716934158,3742,,,
quadratic,0.2964339046551987,0.6644769680704795,0.02784364085742744,-151.6323508844232,3748,,,
linear,,,,-155.54986549183187,3753,0.8194842248954625,0.16712107577452512,
quadratic,0.2573929347707872,0.6326138719410299,0.0955663256528623,-138.93737235855855,3772,,,
linear,,,,-120.54903789537727,3783,0.940823188218476,-0.008305313822193572,
linear,,,,-56.75669786985172,3787,0.45567451355661726,0.3065242756880515,
linear,,,,-138.0871179799399,3792,0.9283337776568654,0.07409641664615611,
linear,,,,-152.437532524504,3824,0.984236452103541,0.02290640478950974,
quadratic,0.8359902575641731,0.14136410485840573,0.028100631236833755,-93.60786271425827,3827,,,
quadratic,0.12753511359161368,0.8120928921322998,0.06382346947157769,-155.94190698824224,3828,,,
quadratic,-0.4100660867480497,-0.4768135581559921,1.104212972952349,-128.09315792639322,3829,,,
quadratic,-0.8276529896495369,1.6216555122331304,0.11543447618661738,-113.93357076177381,3850,,,
linear,,,,-170.88292995330303,3851,0.6303002291850647,0.37778407717548096,
periodic,0.7773432344934869,1.8198240672463466,,-99.70103857615962,3858,,,0.09665365589444247
quadratic,0.12499429618971411,0.8294085754390401,0.0522485777595557,-179.05814239331096,3862,,,
linear,,,,-145.29396381389355,3863,0.2555203762445637,0.7211973257619715,
linear,,,,-106.1623815159094,3878,0.979830691480092,-0.04086110938293008,
periodic,0.8223386455048304,1.6389141065618873,,-112.58550326060939,3883,,,0.10149756547312025
linear,,,,-174.80555270307704,3884,1.0097728999341127,0.0040318805539292235,
linear,,,,-152.2452397100502,3891,1.0253781713259753,-0.04244993686706243,
linear,,,,-161.0565660587132,3894,0.6586402266032694,0.32931628519176265,
linear,,,,-104.43889973766598,3898,0.631402502440163,0.3033036583436417,
linear,,,,-33.9855262012419,3903,-4.14285716863443,4.357142881078909,
quadratic,0.2771414670237593,0.4916426022317552,0.23058542514261957,-213.84933952713155,3909,,,
quadratic,0.4073847832153769,0.4338801699188724,0.18598336068862803,-108.83047516328149,3923,,,
quadratic,0.411078886802809,0.6254464890703896,-0.004707196810571412,-149.33131888291211,3928,,,
linear,,,,-177.6606904985903,3939,0.9926188752886069,0.0033958869602989106,
linear,,,,-139.71572510799058,3959,1.0439454505537622,-0.06693536265749289,
linear,,,,-174.6043191251871,3964,0.39947241735576544,0.5874111871230419,
linear,,,,-155.27048493490534,3968,0.6738173642680806,0.3222316985248995,
linear,,,,-110.48098614499837,3970,0.3664158930225839,0.5930084162267129,
linear,,,,-151.6263556867014,3990,0.8836411421917566,0.11141543131475229,
linear,,,,-201.41071039222922,4019,0.9974878823997901,0.005793724526054311,
linear,,,,-46.87092519748012,4039,0.18302544849806693,0.4564593220812412,
linear,,,,-150.4475490670507,4042,1.0720234365211558,-0.04319649849794782,
linear,,,,-77.8295389934165,4059,0.7219911393061335,0.13646475392802948,
quadratic,0.33651482555292866,0.3071010649750513,0.3648028766451629,-166.7530026879006,4060,,,
linear,,,,-132.80441617205963,4065,1.0291684118384348,-0.07027243114335291,
exponential,1.4544010874871434,-16.672870784913876,0.5961014657390167,-155.81496075014527,4093,,,0.019216461607544526
quadratic,1.2469195497348886,-0.6682335782550141,0.43164617044609604,-166.22380534032467,4100,,,
quadratic,0.9477957045619175,0.5519834243992834,-0.42990600007846824,-131.15583205859855,4106,,,
linear,,,,-127.0991333102349,4114,0.8887582602895697,0.08293319166784863,
quadratic,0.1080074422398668,0.6813962677463282,0.20576262394191255,-184.9092933819144,4118,,,
linear,,,,-105.38547440068537,4119,0.9197338030754236,0.04292023270926437,
linear,,,,-149.3385424454401,4167,1.021391075121539,-0.03339447744720281,
quadratic,0.3230927526257696,0.7337091389949729,-0.04109500447635881,-169.5763658982341,4168,,,
linear,,,,-75.71967339199269,4171,1.0162942929383179,-0.11202741123734006,
linear,,,,-152.1807885660754,4178,0.5991830775635194,0.4007630052375959,
linear,,,,-129.00923035651132,4215,2.077167020736148,-1.1365574357276191,
linear,,,,-130.92135528703395,4216,1.2985647195201964,-0.27414831431583236,
linear,,,,-134.38953011500809,4225,1.0058777022973753,-0.013114391619122312,
quadratic,0.023808338838695736,0.9695036780479482,0.010826235230889068,-214.59686038590488,4247,,,
quadratic,1.2851605634438084,-0.3503281623484361,0.05547737524983098,-158.44914630401468,4260,,,
linear,,,,-153.30882636306453,4265,0.8542144104528535,0.1363427883511476,
linear,,,,-191.53515368671302,4287,0.9490668902925913,0.05298205675723429,
quadratic,0.2450290120755346,0.7594535524569035,-0.046690495727451695,-135.68821878427775,4293,,,
quadratic,0.28597349321176796,0.3163065307699762,0.4184789123567023,-163.31780925742626,4301,,,
linear,,,,-inf,4310,5e-324,0.0,
quadratic,0.3295125858466297,0.9524370079346832,-0.26841255936787434,-166.65084847432948,4335,,,
quadratic,1.3340113907755418,-0.7806158155645786,0.4473504823116155,-183.26229256474167,4350,,,
linear,,,,-165.10329138198713,4358,-0.4582208525693727,1.2327475308977787,
quadratic,0.6018516172053621,0.4126213749500425,0.007417911261748511,-140.79678099543528,4393,,,
linear,,,,-142.27949992593517,4401,0.9639975875140387,0.05546294187885243,
linear,,,,-55.93002182464993,4404,2.108655614495873,-1.1259975427317301,
linear,,,,-207.1128145306745,4423,0.9696907912192397,0.027043670410350853,
quadratic,0.2129346537510936,0.8243375048809275,-0.02244254896717596,-176.3059998135175,4433,,,
linear,,,,-165.40570089926013,4440,0.6191517222852889,0.3838572780282835,
linear,,,,-137.07493367658077,4450,1.4643754549668075,-0.4627108956399208,
quadratic,0.23373757049345278,0.7566666939854686,0.0071552496054472225,-145.51080838351814,4460,,,
quadratic,0.028164241680139254,0.9646396483809876,0.007659352180908078,-221.42920769043104,4472,,,
linear,,,,-117.03862155076327,4473,0.9479819134777524,-0.027997495328188984,
linear,,,,-76.84617621279277,4475,1.0909767334361649,-0.18083708449857036,
quadratic,0.6446707336188456,0.10510805852641192,0.25426801575822006,-90.62040516679996,4478,,,
linear,,,,-188.55254582693783,4481,0.9065539552444164,0.08416588603905095,
linear,,,,-160.25515835448257,4489,1.0059383123790455,-0.017611731545080334,
linear,,,,-119.44559123105108,4496,1.0205636623543746,-0.003980377207382757,
linear,,,,-143.2665192646008,4503,1.7580428337600753,-0.7378815054060037,
linear,,,,-169.40594002827925,4506,1.0004598117742998,-0.0038580746628397557,
quadratic,1.000000015757556,-1.7151718118043292e-08,4.174282830552382e-09,-819.4055935175728,4521,,,
linear,,,,-163.95137205199057,4533,1.085434563142332,-0.08788445439268022,
quadratic,0.5238314039673148,0.404651473248319,0.09878008918346606,-145.8532760535549,4537,,,
linear,,,,-49.024345879902036,4564,0.19364907891210947,0.5006469878263138,
linear,,,,-128.24374573128688,4592,0.975094162660532,-0.026943220465898587,
periodic,1.0754440202387094,1.5094773867868154,,-91.34595013566118,4600,,,-0.24150344785921507
linear,,,,-120.50069093263204,4606,0.9888839462134011,-0.03505557868039174,
exponential,2.112042799687247,-3.965769412091311,-0.3203311583487711,-154.6004653530707,4627,,,0.016976578770950768
linear,,,,-123.4540705834997,4640,1.0120558310134913,-0.036959375602654526,
exponential,1.2297921385385266,-7.0815991481371245,0.47085665628617146,-180.27029141526074,4664,,,-0.0068694881873079565
linear,,,,-219.83720994406391,4684,0.3259864178390507,0.6754145811990968,
linear,,,,-104.46855825786722,4687,0.7636561003906729,0.1622458728376398,
quadratic,0.2320119047248555,0.7512683822401348,0.03514253058252758,-151.7347736429668,4700,,,
quadratic,0.4416075487824026,0.2838032963680891,0.26124285404240066,-164.86837065139616,4710,,,
quadratic,0.5376064876601201,0.2591156649889337,0.20146831758066042,-153.00037601629478,4719,,,
quadratic,0.22291905257293915,0.7540204834502582,0.02029817970547839,-209.7692458660598,4729,,,
linear,,,,-85.1374955928214,4733,0.6965709308984747,0.2347349004667719,
quadratic,0.34898917495379506,0.5643823277919086,0.08062625959021305,-136.99434716679556,4742,,,
linear,,,,-104.93200508519563,4746,0.8851208344250037,0.03139122607666178,
quadratic,0.21420438382059856,0.7722787726777727,0.028629480673381738,-153.9757466639375,4757,,,
quadratic,0.2857335293021591,0.7363497228422627,-0.03603236028905669,-168.86864668739727,4770,,,
quadratic,0.36109062061855446,0.27390479255913763,0.34594600584861895,-131.12826070768114,4779,,,
quadratic,1.1789387563094627,-0.17764491433286023,0.016465361652041585,-156.24215392255584,4791,,,
linear,,,,-162.8995146968381,4795,0.695420449328452,0.29352546436921667,
quadratic,0.20212584668904365,0.7360985945854215,0.03112033452445606,-142.07002954615385,4814,,,
linear,,,,-118.60648010586273,4833,1.2200828937356611,-0.21237027174022297,
linear,,,,-64.04885678899346,4865,0.17947200513798156,0.6522510600837235,
quadratic,0.1522828280115288,0.8113658149388325,0.020799256382361294,-138.81497557357542,4871,,,
quadratic,0.09862497261801262,0.8011850971051185,0.09635224293735345,-154.29516970474282,4876,,,
linear,,,,-95.73851263190998,4881,0.8431118977397825,0.07763413713428557,
linear,,,,-148.4536709875587,4887,0.898667525100817,0.09441822240102696,
linear,,,,-74.93684418742016,4915,-0.04878787028675413,0.5661653470724701,
linear,,,,-154.69747357020734,4935,0.8818344875672358,0.09771636304063008,
linear,,,,-170.4059862942113,4942,1.0476459100788054,-0.03555799331914922,
quadratic,0.8287098822826957,0.14740805385060582,0.01729930890315976,-121.45249836465524,4947,,,
exponential,1.035079711400163,-6.573557146806808,0.33827068383553716,-162.30199786182152,4951,,,0.027254513007750662
linear,,,,-144.12276275129008,4959,1.068727375942109,-0.08565859235931107,
linear,,,,-149.9306291686057,4967,1.1196333556629299,-0.11084374987975432,
linear,,,,-182.9128275190274,4968,0.9822726508988899,0.015966964011631668,
quadratic,-0.610316611691302,0.3258611424382408,0.818288905537923,-86.90301110369262,4971,,,
quadratic,-1.028141122156343,2.6424860441616485,-0.623684885017075,-146.80622954668294,4979,,,
quadratic,0.07988843395843502,1.0152660137641178,-0.09981704628942661,-167.14535417709473,5000,,,
exponential,1.3181826744276501,-3.0732565280222617,-0.18767800163716852,-169.96974161939173,5025,,,0.06689423612624731
linear,,,,-158.94145647603855,5038,-0.6387044304044324,1.2794743640248205,
quadratic,0.6606424244596029,0.5062510516839501,-0.09786994812062548,-116.5183439434762,5039,,,
quadratic,0.3740997388376035,0.09218884368389256,0.5308904529645829,-176.49524990258527,5040,,,
quadratic,0.1026146233414134,0.7673657025439716,0.1563707366669657,-151.99448647472732,5058,,,
linear,,,,-191.90898765383133,5061,0.4046282406043916,0.5968077845586686,
linear,,,,-174.44403690451475,5083,1.0769502226624883,-0.08128388166393741,
linear,,,,-181.53946623896982,5089,0.724878485981779,0.26842333493844206,
quadratic,0.11895949164845772,0.5335153309352058,0.3400552238568116,-171.49183940172108,5109,,,
linear,,,,-inf,5110,0.0,0.0,
linear,,,,-133.41205657057893,5112,0.9946180139124405,-0.003369542524650493,
linear,,,,-54.026390021739196,5122,-2.7062737677698245,2.8100760485759424,
exponential,-0.1308009573995555,-2.430915346656974,1.9725571060840597,-174.73141064956152,5130,,,1.0875825790801814
linear,,,,-195.99703514024654,5146,0.9818257905850254,0.007577120633734087,
quadratic,0.050774503642139646,0.9701612063640502,-0.008242380512495151,-181.15817803766484,5168,,,
linear,,,,-152.67399330791216,5169,0.9673973336692626,0.053911184249781696,
linear,,,,-153.04631432652053,5179,0.9347682153365167,0.063252436224009,
quadratic,0.5818601308838306,0.48438312040896064,-0.024576799733463956,-99.71548327539837,5194,,,
linear,,,,-120.14379500390633,5200,0.9265941238662248,0.04241720650214664,
linear,,,,-100.06356118259475,5215,-0.9320829106677337,1.1712561499620788,
linear,,,,-160.18101964366616,5216,0.8384459150278813,0.15544910066090933,
exponential,1.0854264336158244,-4.780691863248045,0.4721020098763224,-112.11845329832855,5221,,,-0.01808439484277366
linear,,,,-inf,5253,5e-324,-5e-324,
quadratic,0.07914158635892954,0.6061049084726593,0.3152647811823651,-210.14973401633736,5260,,,
linear,,,,-50.5143446195417,5276,-0.35233211639502304,0.8045032130444907,
linear,,,,-161.39372653116902,5300,1.0862154620899944,-0.07253728549251477,
linear,,,,-165.641684792728,5313,0.6874041024467127,0.3199378966775463,
linear,,,,-130.74059817629666,5317,0.7512831494486945,0.2392108225624747,
linear,,,,-137.3069117827091,5333,0.9905215116581896,-0.015714507077401383,
linear,,,,-101.17764532708384,5337,0.8539280257214424,0.16165411089279927,
linear,,,,-147.66581335399238,5340,1.053361939992211,-0.02817419320845665,
quadratic,0.343956435809327,0.699128476632313,-0.041844378458413094,-146.08298552130606,5354,,,
linear,,,,-155.9556146468821,5399,0.9516813928250646,0.05561464571153574,
linear,,,,-73.40321755978341,5412,0.116995914266344,0.4432583465708132,
linear,,,,-185.46215276749913,5414,0.9042980331775906,0.09786922134147542,
quadratic,-0.3335414551513328,-0.18355452879247622,1.0526972967182964,-138.40504877326586,5431,,,
quadratic,0.3101004495337372,0.5701348461319825,0.141147193919235,-154.58447065106353,5448,,,
linear,,,,-174.60189564976648,5467,0.8993505875568004,0.10641650669613201,
linear,,,,-inf,5474,1.5e-323,-1e-323,
quadratic,0.27952612472998717,0.4783340084577628,0.2519349083143032,-192.88064560999655,5508,,,
exponential,1.1560388219372346,-4.329527338928759,0.16529627642161723,-126.94074042357008,5514,,,-0.025310536882155905
quadratic,0.476949516983998,0.36033316940038845,0.17953235887420374,-99.33131487310044,5537,,,
linear,,,,-131.07831958716915,5559,-0.4112225354770073,1.1334187650717038,
linear,,,,-163.06716746618585,5568,0.9526103177787079,0.0387636554177122,
quadratic,0.3671522664188012,0.10655130739862878,0.5401556989685149,-171.2271501765064,5586,,,
quadratic,0.5119867815761477,0.5546888965786919,-0.025939625276394866,-148.84883146715495,5597,,,
exponential,0.26356731942753386,1.2914682723975632,0.4151514946991447,-175.2050499899276,5614,,,-0.4545845204413116
quadratic,0.7639795578532357,0.25501854073524777,-0.016254515879838054,-146.91057821675133,5645,,,
quadratic,0.274967540292827,0.7168149458471822,0.020876832127771028,-153.57328405039414,5654,,,
linear,,,,-148.12509741380902,5666,0.7872727273162625,0.19827751187900267,
linear,,,,-143.18384046552956,5669,0.815701199858458,0.19282995740033648,
linear,,,,-142.96864503621245,5691,0.9607253941969731,0.03465005645811248,
quadratic,0.24429173231393556,0.833724415853693,-0.078384996836258,-149.69793757103767,5714,,,
quadratic,0.31358103777410495,-0.015430006201072377,0.7037840082436198,-171.06792311773344,5719,,,
exponential,0.9279366577763454,1.215616265893517,-0.8129341219277342,-158.23081665644216,5724,,,-0.3849253916987885
quadratic,0.21521436089553345,0.6410064174574711,0.1568644472897362,-158.34452296483698,5728,,,
quadratic,0.1237380878487738,0.7477685795525618,0.13814490044731872,-163.2342784304798,5750,,,
linear,,,,-175.78410691776807,5762,0.7731497566205251,0.2330374639754593,
quadratic,0.3493034710996596,0.4548524167284081,0.19918272087239855,-193.3272229007712,5765,,,
linear,,,,-133.20755227961627,5784,1.0571916350097486,-0.04748186067643534,
linear,,,,-190.77513548571167,5799,0.3186844087141959,0.6811917803658539,
linear,,,,-160.48848392335958,5829,0.846169908078862,0.13869280203227385,
linear,,,,-126.5810684557503,5844,0.9619060203082154,-0.01963837062348528,
linear,,,,-169.81722690893224,5852,0.54914092519356,0.4416496337938611,
quadratic,0.14957024523076326,0.7826147507458343,0.074010155632666,-184.62438782063407,5872,,,
linear,,,,-47.92174454319052,5888,-0.10474305777836834,0.5653733021503267,
linear,,,,-144.29180626326266,5919,0.841525088979712,0.1412209552709045,
quadratic,0.5072959004060154,0.6435935125353274,-0.10342126018412312,-133.03879970768241,5933,,,
quadratic,0.3471127233715026,0.2536780391928274,0.4056581403701499,-186.350531843265,5950,,,
linear,,,,-158.3716061414072,5958,0.875220778694521,0.13612032727155676,
linear,,,,-114.49877687395094,5981,0.938752662923728,0.05540842160216619,
linear,,,,-51.33249541926528,6034,0.23177498094653948,0.44766984182607883,
linear,,,,-201.52669402415236,6047,0.9313434153680978,0.06564982790458362,
linear,,,,-181.33513202008675,6061,0.9308579165408657,0.07375133114881256,
quadratic,0.2446936311735507,0.7118210179266397,-0.004701029515856048,-114.24069370820605,6070,,,
linear,,,,-108.8898737111613,6077,1.007458117787409,-0.11330915399758568,
linear,,,,-99.01950815165996,6079,1.3086003026099546,-0.32667570636847776,
exponential,1.0485781576691569,0.8320581952946904,-0.3075427165142418,-166.28168557213115,6087,,,-0.778653255334071
quadratic,0.3233799347153097,0.6410389049327705,0.022873994806164477,-136.86989685928486,6090,,,
quadratic,0.37151956507511147,0.8333018626012935,-0.21116573760062973,-149.9785545060108,6103,,,
quadratic,0.46640174910042065,0.5299997329233939,0.005237669579083313,-232.71696907472537,6107,,,
linear,,,,-120.36920067968197,6120,0.6078594205467766,0.37660964392809304,
quadratic,0.4816923050816091,0.8283853354628765,-0.2610924968543482,-131.91194043748862,6121,,,
linear,,,,-159.1503967277633,6147,0.8861918865241687,0.10526916580769667,
quadratic,0.3384237882804745,0.6616820832071715,0.005178651695109237,-159.69781494500185,6160,,,
quadratic,0.45065434685343864,0.5865892352568056,-0.046829561752327276,-144.26827028740726,6161,,,
linear,,,,-87.25752676878756,6173,1.1155634924158293,-0.15154415079465222,
quadratic,0.6050515352605431,0.2772177988295257,0.1286179920112195,-140.9667700706481,6182,,,
quadratic,0.3425613265620048,0.6281372695534027,0.010377158597402292,-136.2785155350916,6185,,,
linear,,,,-171.00255781948863,6194,-0.6834818769935702,1.0743434401884728,
linear,,,,-132.17657624911155,6201,1.3137931045373121,-0.2864655179137152,
linear,,,,-138.43245040458427,6216,1.087152515495608,-0.08602950604195025,
quadratic,0.24980281799045906,0.5996408105655486,0.13154740791264538,-151.07579728855634,6218,,,
quadratic,0.0961464395028297,0.9002164528515725,0.00559179153251052,-175.85844218143407,6239,,,
quadratic,0.3849533030418183,0.6467965264526574,-0.023744360810970866,-138.07287353287137,6241,,,
quadratic,-0.32043087309453516,0.4175867893183233,0.8248702467078326,-113.17200316509089,6259,,,
linear,,,,-122.1091984988284,6268,0.9141977074732904,0.05750261088722153,
quadratic,0.3292207663320385,0.6378264001311557,0.0242082437279684,-144.39769447391345,6277,,,
quadratic,0.12727866034263044,0.881141286914281,0.0025743398127030174,-161.38626389694826,6298,,,
linear,,,,-163.2902367861042,6321,0.9701911278797024,0.03529721171749778,
quadratic,0.9320815256039103,-0.023945147065755457,0.09190771877014281,-199.4362310307784,6338,,,
linear,,,,-189.39745568475482,6344,0.914127423688857,0.08361693718519567,
linear,,,,-175.98246562839057,6351,1.014719062600945,-0.015186730019111482,
linear,,,,-56.59213065091922,6356,-0.21618384608814933,0.1311032589771184,
quadratic,0.16812294799369312,0.32204111692958043,0.5348976565207638,-162.16118010067154,6376,,,
linear,,,,-115.9547702445432,6396,0.6764028741976613,0.2674001050278338,
quadratic,0.44853550482260457,0.4434904044453962,0.11950813780981817,-173.60900449484137,6407,,,
linear,,,,-100.31840980752914,6411,0.5889203421649883,0.3867259695315383,
quadratic,0.32364813249135577,0.3948930051000691,0.280457128461001,-153.1713405435046,6428,,,
linear,,,,-159.22750895776514,6431,0.5921955495765013,0.4147417301142714,
quadratic,0.192287931878198,0.7885897466092701,0.009297843377415951,-152.44170512933383,6440,,,
linear,,,,-181.61228648991192,6458,0.2888456871484583,0.7070094365544064,
linear,,,,-172.07909157719251,6469,0.9105035504596549,0.076763916969533,
quadratic,0.3347421560295717,0.6436914588982198,0.022193958966517244,-153.35038234772168,6494,,,
linear,,,,-32.07986070772483,6501,-1.7834882813078874,2.059001549838321,
linear,,,,-151.11457349590896,6502,0.7144314159570854,0.28068677956746485,
linear,,,,-156.90067245217026,6503,1.0501709836267101,-0.05569654648283251,
linear,,,,-122.53049137080232,6506,0.8546516962481363,0.12262286984954407,
linear,,,,-164.42893745841667,6507,0.9992159769629678,-0.003988981223241872,
linear,,,,-169.5455858433247,6529,0.7310411221109141,0.2718530544953885,
linear,,,,-144.63560560287448,6535,-0.4670710009352547,1.1167112794691747,
linear,,,,-141.78907541884234,6546,-0.09803296859995214,0.039613039543097694,
linear,,,,-172.95096426137354,6556,0.8210768248667148,0.1719879937141299,
quadratic,-0.2965189653083744,-0.030664363337624012,0.9997132765206814,-147.92575492942026,6558,,,
linear,,,,-140.73140786897497,6602,1.079003633446954,-0.10101362241754418,
linear,,,,-183.4478028487848,6607,0.51066301492422,0.49619558829893606,
linear,,,,-176.75594801543,6625,0.8978526222498866,0.09242013248713396,
quadratic,0.3817992278091533,0.40607902556976105,0.23094499007019986,-143.66475252370174,6635,,,
linear,,,,-75.82450966376854,6649,0.05574122521666525,0.7730540641327351,
linear,,,,-120.71298592416004,6650,0.9652852581946436,-0.013626814844710733,
linear,,,,-156.4596895638958,6654,1.0303182350658167,-0.03637142902161932,
quadratic,0.07402526603127493,0.9135747233472576,0.013446135770076759,-187.1589396676601,6671,,,
linear,,,,-158.418256581216,6676,0.7268348145510712,0.27640461527837573,
quadratic,0.2358267451326772,0.749405601255448,0.004794361867547892,-157.91888990290687,6683,,,
periodic,0.6203049820999628,2.4882237603863024,,-46.237627819986024,6694,,,0.08875412316828649
linear,,,,-24.59538001637992,6701,-4.031295220515268,4.276476329408596,
quadratic,0.10261186998098086,0.919056532379634,-0.011163960561429372,-165.87907732665033,6725,,,
linear,,,,-221.35944943271247,6752,0.994767639132023,0.0023883051803278337,
linear,,,,-178.6855043458169,6767,0.631370827330533,0.3705704529790147,
quadratic,0.2745341176024327,0.5947638216006219,0.14098250844257385,-157.7098941727209,6782,,,
quadratic,0.11459873419378572,0.3251660097068686,0.5607203835946193,-162.65903922237686,6787,,,
linear,,,,-178.1810900891193,6809,0.9725561502027756,0.01767643990537862,
linear,,,,-23.953495473555577,6819,0.3653051711682288,0.23501167567150305,
linear,,,,-154.48958207304642,6824,0.9893349691916994,0.02514596345867104,
quadratic,-3.8755416191562175,4.805872291904223,-0.7988217407829726,-43.878194361002365,6846,,,
quadratic,0.1476713252757665,0.8532043886512782,0.012162306870354914,-135.1650589690945,6850,,,
linear,,,,-160.87623025671908,6873,1.0210995526265254,-0.022256393088226245,
quadratic,0.8650101016413355,-0.3849030409753822,0.529071131857527,-182.60010922132398,6902,,,
linear,,,,-inf,6903,5e-324,-5e-324,
linear,,,,-183.41903555200187,6904,0.9125160004167557,0.08115326515165584,
linear,,,,-165.00498253427116,6912,0.5490167075456511,0.45258655569330297,
linear,,,,-103.78575164081404,6919,1.7164937402074059,-0.7586935711166063,
linear,,,,-161.76647249686002,6920,-0.32687369775848796,1.0247644694085076,
quadratic,0.7530721601622964,0.2894236997972809,-0.026260921989697483,-160.8351358114936,6921,,,
quadratic,0.11009064596512755,0.8631427333080369,0.028123104919020352,-178.91394018557477,6936,,,
quadratic,0.5310537633319575,0.24649844567172208,0.21422729878903302,-103.84040694189437,6940,,,
exponential,0.7734052008836415,-5.2595302006306435,0.4888108690296895,-98.6767242593084,6955,,,0.07578448338754971
linear,,,,-140.80286460842572,6961,0.9838201403502485,-0.0076287187952737145,
linear,,,,-175.59189585193425,6977,0.8505020479788474,0.15550909884181408,
linear,,,,-63.35109898085537,6979,-0.7911927868338334,1.0529337942086845,
linear,,,,-144.19052848244382,6981,0.9472326035014652,0.035356231926469806,
quadratic,0.3056288644859173,0.7061530222952966,-0.002175334999235279,-174.4405245875746,6992,,,
periodic,0.7749119805207549,1.7131753540619212,,-78.31358088077812,7031,,,0.1108482685700405
quadratic,0.28200641570125573,0.6900080549641014,0.039095780867491284,-118.12548592371144,7035,,,
linear,,,,-158.8123429339394,7046,1.0642004832474004,-0.07076785875837266,
quadratic,0.13887972707588772,0.8177098264824391,0.029580390556662985,-147.64053325417808,7050,,,
linear,,,,-95.9464141312341,7058,0.859905343969225,0.08898223856329912,
linear,,,,-inf,7077,1e-323,-5e-324,
quadratic,0.3190791941281586,0.6810026922792317,0.043973063398588,-117.05906116693195,7079,,,
linear,,,,-187.49644251986075,7098,0.3590558272793317,0.6308798558562861,
exponential,0.6316464309877202,1.4955936418307865,-0.8103470538487001,-153.51176191662162,7106,,,-0.24232842621304834
linear,,,,-83.06860816380109,7114,0.6953123833786754,0.1954008352820481,
linear,,,,-178.2836629607106,7123,0.933753611349508,0.05649457889603336,
linear,,,,-95.6565759489225,7131,0.2125827058982154,0.6485230190750485,
linear,,,,-119.94552737465183,7133,1.8583301832555885,-0.8704589726370422,
linear,,,,-86.5797480265103,7138,0.996108508616636,-0.14077729096244207,
quadratic,0.6057248106652061,0.3879935115485647,-0.02115251170429528,-118.94528865256208,7156,,,
linear,,,,-150.33748530921176,7162,0.9708744196016846,0.019465587863077505,
linear,,,,-56.89142713990133,7192,-0.6019455382848061,0.9305632229180144,
quadratic,1.0000000108851916,-8.190042575619549e-09,5.777901314617455e-10,-809.431320475403,7209,,,
quadratic,0.053478349294571764,0.9302788508473265,0.018088299254614772,-211.05402715391548,7217,,,
quadratic,0.11146361765716224,0.15461249310008923,0.7360829564208313,-256.6950018296139,7218,,,
quadratic,0.8444444759518568,-0.30666671397771106,0.46222223925350414,-175.0256226770874,7221,,,
quadratic,0.5271972365200532,0.49013566726964736,-0.032037124902940556,-176.6775043595002,7228,,,
exponential,0.7482849979942038,-8.220947443710237,0.20843729939341768,-138.9829044827031,7232,,,0.13000500721810887
quadratic,-0.6247167070339465,-0.16121902012489303,1.0873675872081716,-154.61977942788423,7242,,,
linear,,,,-149.37861505205976,7261,1.0001562824396593,0.01799838755616323,
linear,,,,-125.05071553768322,7262,-0.39996968209169204,1.0927519118267033,
linear,,,,-52.30115751063159,7263,-0.24328617530713337,0.6999999247060567,
quadratic,0.9063485137667099,-0.7822188546706554,0.88257766708153,-194.76428529277305,7266,,,
linear,,,,-148.97857601973067,7269,1.106725348527631,-0.10199350820233244,
quadratic,0.7845908017911755,-0.813442233534815,1.0336528815901387,-184.4496863562826,7274,,,
linear,,,,-121.68928961081879,7303,0.9583678967473473,0.032137130488146814,
quadratic,0.41743833624287247,0.6065390493514845,0.026951531060530328,-118.9887074867984,7333,,,
linear,,,,-154.6488249779677,7344,1.0736830572354787,-0.062042667982763866,
exponential,1.2370202482719292,-5.166433744765853,0.4660271145507889,-163.3231013413925,7359,,,0.19723662132169995
linear,,,,-199.64704768393173,7371,0.9937227569318114,0.004587112403813487,
linear,,,,-52.073371744327474,7391,-0.2197181673066877,0.7332259340856024,
quadratic,0.10762781843775802,0.8975069407514915,-0.00954573175434748,-178.14606943186595,7401,,,
quadratic,0.31519455583564177,0.6617648718991002,-0.009370136344250348,-116.7382370679185,7418,,,
linear,,,,-140.74742682870428,7419,0.7677685216257245,0.20403754556221115,
linear,,,,-inf,7420,1e-323,-5e-324,
quadratic,0.03425048914884818,-0.2815482043610676,1.0120555190355327,-205.64712931950677,7421,,,
linear,,,,-39.10143107585941,7425,-2.4867724866215135,2.634920634796082,
quadratic,0.1255108340428135,0.8842229231123501,0.005946232879895819,-146.03020797030806,7432,,,
quadratic,0.24155022959874026,0.749587637205353,0.014046650428604274,-223.6483586480556,7457,,,
linear,,,,-144.88065525013369,7468,0.9171434247400935,0.07161923537052128,
linear,,,,-106.40737075008573,7471,1.1436538676692987,-0.21740114867105165,
linear,,,,-51.15555184109995,7494,-0.025137840758865382,0.6079949881806488,
linear,,,,-15.671973577520374,7503,-2.0651824494933746,2.4083800358677747,
linear,,,,-44.07040039685729,7510,-0.2633202315426897,0.6994586136441798,
linear,,,,-57.08872853512338,7511,0.14118720623082937,0.5685249085496613,
linear,,,,-53.209231402049,7516,0.22683393009291464,0.4643947771760726,
linear,,,,-48.3457274778939,7524,0.24626137389378577,0.40279276943136233,
linear,,,,-151.6263556867014,7535,0.8836411421917566,0.11141543131475229,
quadratic,0.3320196982997047,0.5213912119941411,0.13974427863843358,-144.33122532541253,7538,,,
linear,,,,-108.75040228818888,7540,0.9722483036348666,0.001791130458281498,
linear,,,,-43.873660104374736,7550,-0.02430004928764351,0.5863713424882318,
linear,,,,-41.90456390968437,7578,-0.021994887832965215,0.6026165569654047,
linear,,,,-51.69155229448684,7583,0.35246958067740325,0.43847039336462684,
linear,,,,-153.73264971431357,7585,0.8292618384699605,0.14876033346282003,
quadratic,0.2005435284478261,0.7776400716023169,0.014140562492947215,-177.53152036223838,7587,,,
quadratic,0.5355144979485685,0.051983258702735485,0.424040662074012,-159.02807945028817,7590,,,
linear,,,,-146.78437021492286,7606,0.6757204304362335,0.32954519987269315,
quadratic,0.4468078295381426,0.6199033473927422,-0.03690056507143794,-140.97763679855754,7625,,,
linear,,,,-186.11946004489846,7626,0.9948425631005003,0.008192302661299071,
linear,,,,-153.01845453116735,7632,0.5003512631818036,0.48008169141808815,
linear,,,,-152.29375799654863,7646,1.0256702390769967,-0.050645246579365644,
quadratic,0.2888656042858547,0.8356309574359011,-0.12621643379856184,-160.98286681730482,7647,,,
linear,,,,-168.85294357008863,7655,0.7652226144379483,0.23251685739720468,
linear,,,,-223.09198554272845,7656,0.8645805427111152,0.1411448675709466,
linear,,,,-142.59775913939933,7662,0.9225585750481622,0.057271744397354496,
linear,,,,-45.00991256292984,7673,0.2733847971892568,0.38168926305358963,
linear,,,,-167.76070939232915,7675,1.0398807893675759,-0.03891824745081959,
quadratic,0.2818147957599597,0.0901791904480519,0.6293689713904109,-153.84788513168766,7679,,,
quadratic,0.13973506066769434,0.8775225464470372,-0.012861821255981221,-146.7744959024391,7683,,,
linear,,,,-82.64202872346,7691,0.6753493159117183,0.20265654842695244,
linear,,,,-180.03036791984326,7699,1.0766775367929977,-0.07431672482676453,
linear,,,,-153.428767704123,7758,0.9053884713675588,0.08925438586327028,
linear,,,,-144.9965815795222,7768,0.8478090138934797,0.1578016958368903,
linear,,,,-56.083139641100246,7788,-0.5489281311759173,0.8579328660573131,
quadratic,0.19712145378141174,0.12305538247385432,0.6782132367667665,-180.9685158806305,7805,,,
quadratic,0.24180599127900518,0.5824987967148577,0.13748950000219465,-140.01634579163039,7809,,,
quadratic,0.8343640453794534,-0.16816262699959084,0.3452833091270844,-165.81085222502972,7827,,,
quadratic,0.18219174479719144,0.6245765293274067,0.20414496758048903,-138.6841291928371,7828,,,
linear,,,,-148.05625517821667,7838,0.941164812130763,0.04442625386053389,
linear,,,,-184.04510373481455,7848,0.6527722065536598,0.3316515664524755,
quadratic,0.13650513608364362,0.7058928440169447,0.17029450068265886,-167.47096776108677,7850,,,
quadratic,0.4559605198578725,0.6085373014269472,-0.062007345824619226,-164.61709507357682,7851,,,
quadratic,0.32394316494553954,0.473451956323211,0.20900598236952936,-170.46215444822934,7852,,,
quadratic,0.21741246718918628,0.5059678040022549,0.2837729557247256,-174.94945705237018,7865,,,
quadratic,0.4258232434894812,0.7327916789605462,-0.09771446918937055,-123.01532848782836,7872,,,
quadratic,0.08704307274325196,0.8716108889836487,0.0480332747786765,-206.47341309120137,7880,,,
linear,,,,-142.0230843325605,7884,0.7397368421791711,0.2424060150444667,
quadratic,0.30019270460649444,0.680685575089532,0.02761156607700135,-172.59014023962627,7889,,,
quadratic,0.37169004949762147,0.35226146849300854,0.28418597035055054,-139.23566863897776,7911,,,
quadratic,0.35516444634612354,0.6387661798334775,0.0006581373631506475,-132.17536656267072,7934,,,
linear,,,,-130.85953139522672,7947,0.8606818180024879,0.0664015152508607,
linear,,,,-69.80769644102229,7962,-0.33562911799355216,0.9408244441608646,
linear,,,,-148.64589704994825,7976,1.1867528188020082,-0.16541716978903365,
linear,,,,-143.557910598853,7978,0.9002004346158157,0.11594806595200362,
linear,,,,-163.26082730891525,7982,1.0051843334680295,-0.00814995730013579,
linear,,,,-inf,7984,0.0,0.0,
linear,,,,-170.84633144044065,7987,0.9606659686891573,0.033920999047499234,
linear,,,,-144.970843091082,7990,0.8196394524646834,0.17624803531551167,
linear,,,,-124.86987051506996,7991,0.8926251883868993,0.044588385418110346,
quadratic,1.3378690413936212,-0.21086365798572468,-0.01165562284461033,-110.5553453344722,8030,,,
quadratic,1.395596987040468,-2.510421513422817,1.1241894053096135,-171.91107261854398,8052,,,
linear,,,,-182.6524339547554,8054,0.8963451137018221,0.10014150293703739,
quadratic,0.12899699106841558,0.7637802584514006,0.10831598572595846,-181.52006912214574,8057,,,
linear,,,,-48.26319818115599,8060,-0.04544047084125191,0.6011965367060503,
linear,,,,-180.9015263721098,8062,0.756908378550798,0.23600699841943018,
quadratic,0.2325046866480805,0.6486293366279874,0.13526245952560836,-161.04665315739283,8065,,,
linear,,,,-134.26676016039733,8070,0.8559658166032467,0.12808033280291953,
linear,,,,-46.72645826008052,8077,-0.18400449292756227,0.6373378333144183,
quadratic,0.6835213096664847,0.4218511609638659,-0.04265191124959267,-125.79883718802742,8086,,,
quadratic,0.16462166846207424,0.7035231454780356,0.11514366955033212,-149.73115947616935,8131,,,
linear,,,,-164.30360602935647,8163,0.445972052290332,0.5400793394600707,
quadratic,0.5705409305268284,0.4255604351401062,0.011636729094278245,-183.91498573250678,8183,,,
linear,,,,-187.63969290378316,8211,0.8788112369402813,0.1191805678690646,
quadratic,-0.17704974123537529,-0.2679960438108486,1.1630280478787305,-178.35766392828762,8212,,,
linear,,,,-135.8051844448516,8220,1.0294565171798107,-0.049242895320773306,
linear,,,,-146.8348710555208,8266,0.9465570484328473,0.02791079878928066,
linear,,,,-147.68032050703292,8286,0.22996462168794643,0.7527831747007283,
linear,,,,-52.769196403955696,8287,0.12263092763119077,0.5405394969286332,
quadratic,0.5348726070241213,0.39788743002955257,0.04946650882799351,-138.5096427868406,8300,,,
quadratic,0.5792848058493764,0.29855502641569354,0.14457066083543657,-146.72560059929395,8325,,,
linear,,,,-169.52259172746406,8371,0.6609975514119333,0.3490110445044767,
linear,,,,-170.75311216532165,8389,1.1327166364102554,-0.1390829100214397,
linear,,,,-176.2948662709811,8398,0.6265864661847761,0.35998496240693634,
linear,,,,-15.63590251278381,8401,-0.6174818563434008,0.8551142979813465,
exponential,1.5187279481781677,-9.617866936756805,0.5520470241686182,-125.34586209157786,8408,,,-0.015027382208107034
quadratic,0.8135269161589218,0.27628559640711825,-0.08336611910923601,-204.3124938346121,8426,,,
linear,,,,-124.96052904416028,8435,2.890677165974066,-1.9112828160970048,
linear,,,,-48.34463928621476,8442,0.5359035090691757,0.27442713294306076,
linear,,,,-97.05004709646282,8446,0.19037672470174796,0.7609107234680369,
linear,,,,-69.94632327261863,8456,1.012659393036202,-0.09750385728115293,
linear,,,,-92.01582486168257,8476,0.9689367580762025,-0.01609342938851621,
linear,,,,-136.40193508396726,8489,0.80948014242239,0.1748114359567282,
linear,,,,-159.1147188666986,8490,1.0689628478975888,-0.0476281889618701,
linear,,,,-103.13472217749896,8492,0.4064426896394683,0.5299844329626979,
quadratic,0.5195854471513095,0.23081095689730138,0.23681216785821435,-168.9343524427469,8507,,,
linear,,,,-67.18544975568359,8508,0.7836745117498496,-0.06314219610173666,
quadratic,0.1407268510243148,0.8001521176832004,0.059865659565577496,-195.39917016475442,8511,,,
linear,,,,-150.39903197874986,8521,0.9841898871063515,-0.022448496391491567,
linear,,,,-164.82846726062863,8553,0.98463372992364,-0.00022453217093332256,
periodic,-1.1744773417267975,1.569147750743009,,-184.37425466720728,8555,,,1.1696070437016024
quadratic,0.144807566405314,0.7992002917365546,0.07151815023879798,-173.26265636761795,8573,,,
linear,,,,-108.21956090814335,8606,0.663015890375665,0.2598987692190935,
quadratic,0.36464499012561996,0.18876793522552482,0.36338157100170865,-132.48356364980705,8623,,,
quadratic,0.07886485769620646,0.963546430020319,-0.03931461369926796,-213.23242206009073,8632,,,
quadratic,0.08101692359349527,0.9114505187083751,0.008871315712479743,-193.88672125624785,8635,,,
linear,,,,-161.47290994649543,8644,0.9320633031518911,0.07003391729944163,
linear,,,,-174.24472836428978,8647,1.1622883329827147,-0.16777825615677938,
quadratic,0.5757363523903501,0.2536760177418626,0.15933868056609013,-182.9029960270424,8654,,,
linear,,,,-196.70179837904223,8666,0.5322542445062538,0.47362585062252205,
linear,,,,-149.31472979746644,8674,0.5467347196955379,0.4542602326216284,
linear,,,,-151.9424865376707,8697,0.8364511290284015,0.12926315694264934,
quadratic,0.4509326372860633,0.6015280831978146,-0.038100507898026256,-163.54689961218895,8705,,,
quadratic,0.059195429359014895,0.9282252971046268,0.009118079641294075,-193.34506651889288,8707,,,
quadratic,0.2781845936585564,0.43692722394979877,0.30963653108207906,-160.23738128634693,8726,,,
linear,,,,-98.44442465209384,8732,-0.7724985132136777,1.1119016289558967,
linear,,,,-inf,8735,0.0,5e-324,
quadratic,0.2895694090208456,0.7186033202051111,0.0014524164544177376,-126.44455420020597,8746,,,
quadratic,0.515435112117581,0.5222362040581194,-0.0036010954730336664,-115.96405919164954,8750,,,
linear,,,,-inf,8789,0.0,0.0,
quadratic,0.19115411435730378,0.7683547271636089,0.04724274162022102,-163.29023674701162,8802,,,
quadratic,0.18996342485656095,0.770614189515924,0.05569662400294806,-188.6283332875511,8859,,,
periodic,-1.435158623137994,1.4151787885205183,,-118.96281678685716,8870,,,1.418232359000831
linear,,,,-115.35220150451939,8887,0.40124731921816614,0.5892599408110677,
linear,,,,-181.4634882983881,8929,0.3789533660822205,0.6203804868812958,
exponential,0.2328531508050404,1.3749771562121014,0.30052319958358986,-144.07807321949238,8951,,,-0.2524432105474468
quadratic,0.24795053846091175,0.7599548025552911,0.0025371852416894436,-185.1367554209971,8960,,,
linear,,,,-135.5736737081742,8962,1.0689859666741732,-0.1286061486596132,
quadratic,-1.680278660936741,2.4283268691730746,0.036605930760930876,-102.84447614652524,8982,,,
linear,,,,-156.02029223422042,9015,0.6278622779051767,0.3580683897902911,
quadratic,0.32362934746377914,0.6473526225144363,0.05737683181073654,-141.33300291675116,9024,,,
linear,,,,-68.57572511368618,9031,-0.21199443939232232,0.8727459501887982,
linear,,,,-152.4134828113056,9034,0.9679213378273486,0.0254748342652662,
quadratic,0.22043071666119185,0.632036674699458,0.15458250073238855,-171.94040438633627,9037,,,
quadratic,0.14210169944325574,0.875058594244323,-0.025699841817306043,-151.31000387317846,9046,,,
linear,,,,-189.15172856784642,9053,0.990510786710985,0.0021251883434499374,
quadratic,0.1400195516182886,0.8643594406350577,-0.010608237181586894,-172.1104153497939,9071,,,
linear,,,,-114.39835061247436,9110,2.546938781259614,-1.5904761955069242,
quadratic,0.5323328422366833,0.5036453047216423,-0.026909802119064644,-145.51414933052436,9113,,,
linear,,,,-inf,9146,-5e-324,0.0,
linear,,,,-144.09926873410328,9160,1.1636046854322841,-0.18115582941173325,
quadratic,0.32151297822921354,0.6517128866213268,-0.015547771765803605,-120.56847373226395,9164,,,
linear,,,,-120.67044720816845,9166,0.671383233900561,0.2912381911086908,
quadratic,0.4379869758827454,0.2891160108916375,0.2846496204793199,-133.80627830602657,9169,,,
quadratic,0.2954333607783702,0.7082261891106155,0.019446017264837245,-143.3333125703286,9184,,,
linear,,,,-187.77017164136035,9192,0.9516840792514564,0.04740999965684001,
quadratic,0.7418895353844372,0.04186413932345112,0.2064620224297854,-122.53992653966148,9241,,,
quadratic,0.2592097439737426,0.7148007409298477,0.025338634139505847,-178.3026221656538,9247,,,
linear,,,,-206.87526515682234,9251,0.254180329913589,0.7485983846243092,
linear,,,,-106.42045936398988,9254,0.7079236549596647,0.2706477734519429,
linear,,,,-92.1226564662642,9255,1.0897691993276584,-0.12775558135535148,
linear,,,,-146.0280041511959,9258,0.863229498089929,0.11151433718087389,
quadratic,0.2365292731016594,0.5854230427231362,0.1846727786545086,-177.41341671574122,9270,,,
quadratic,0.3725330171756439,0.013748744390764567,0.6306463755994896,-160.87936603237014,9294,,,
quadratic,0.17548255236847554,0.8816219089830227,-0.07209618679748132,-168.7336092491667,9341,,,
linear,,,,-89.49188845577483,9366,-0.5892213920738627,0.9471383085844628,
quadratic,0.26988434532055966,0.6866780246451167,0.03602357186336298,-140.44067011259372,9372,,,
quadratic,0.3559194832891133,0.6122238833707015,0.06743584028601038,-125.86232523582169,9375,,,
quadratic,0.16662031660864818,0.7958833570217441,-0.003061507481587844,-142.9226880441236,9383,,,
linear,,,,-166.51634890928995,9389,0.9541089802337795,0.048320639111942065,
quadratic,0.21847426750731339,0.8862389138977081,-0.11798878514746497,-160.55497532622556,9410,,,
quadratic,-0.8544087271328251,0.3221918186766404,0.7523684260821515,-84.22770471555836,9416,,,
quadratic,0.24527392234049378,0.7122089844248815,0.03841784217534885,-188.26535361074235,9418,,,
linear,,,,-174.38267453328692,9420,0.7324460336370092,0.29108960563049235,
linear,,,,-85.6846991484405,9425,0.7240495287983348,0.2406404677460792,
quadratic,0.4176899350345937,0.6195542717847201,-0.05307902658909722,-155.14263770180065,9431,,,
linear,,,,-188.9055859645313,9443,0.993082908512083,-0.0008434049238587192,
linear,,,,-170.50066444999632,9466,0.8614771356595688,0.1410538945630191,
linear,,,,-158.72359824605175,9480,1.0931526671709983,-0.10241506772177988,
linear,,,,-155.24336993186654,9496,0.897921425890138,0.0936627267084863,
quadratic,0.1333632395487277,0.6277543049032998,0.2666929430787905,-169.28085426639186,9497,,,
linear,,,,-148.30867553466732,9510,0.9298701341391908,0.07433680402304887,
quadratic,0.2875382836223205,0.5801584582745928,0.1414248761989726,-174.060120633088,9514,,,
quadratic,0.5924439840179282,-0.4271360051275018,0.8393396129905528,-186.57445428763737,9528,,,
quadratic,0.18709959668450019,0.3873833799223201,0.40664809605208846,-172.41443940099717,9531,,,
linear,,,,-146.589124913966,9539,1.0401225880561757,-0.04221923175780318,
quadratic,0.13250458466320608,0.9174079616473764,-0.03502146310950301,-182.9698922090552,9553,,,
linear,,,,-182.83842361078734,9557,0.9630203053017596,0.03367843601346255,
linear,,,,-172.48830622127142,9568,0.932785337569789,0.07288132070936766,
quadratic,0.3872374931001355,0.5959881290849719,0.044310762017903134,-152.9535613972075,9583,,,
quadratic,0.6976186473573136,0.3015037636052504,0.030716396590441255,-121.84252973250511,9587,,,
linear,,,,-115.26378423065093,9597,0.6363580282520064,0.3600008223686305,
linear,,,,-137.00224889056554,9622,0.7498161154704387,0.242606023943152,
linear,,,,-124.41663532146949,9641,0.9714994586366386,0.008282600366330328,
quadratic,0.3710785488475565,0.6298295563421721,-0.004261733158518268,-147.04419358519198,9681,,,
linear,,,,-150.7800947125925,9695,0.8463576428440789,0.1272315499931302,
quadratic,0.09185659772506061,0.8673586341622583,0.02921680302400942,-163.8737914985479,9696,,,
linear,,,,-50.045538530814525,9702,-0.3833296051424109,0.666158231543649,
quadratic,0.3960837977900685,0.22869624176425596,0.4160724935039919,-153.23802342417085,9710,,,
linear,,,,-156.39484611106693,9712,0.8518366943147615,0.1372923597317196,
quadratic,0.6268919035138162,0.2719461002717431,0.06518797027203085,-114.2663416017744,9750,,,
quadratic,0.39528980974464334,0.40961450088570195,0.18179524702575792,-148.6141757780318,9763,,,
linear,,,,-175.59176913776642,9768,0.9300756782141838,0.08271009718134077,
linear,,,,-81.37658119240321,9774,0.09354093752325077,0.7487893394714635,
quadratic,0.19364460124083183,0.81275431268876,-0.008157181529840988,-193.11906399996786,9780,,,
quadratic,0.5230525569306552,-0.16031652344335254,0.6357219003680143,-184.13789533475654,9798,,,
quadratic,1.0056961921026133,-0.007812052544477588,0.0013688597535000957,-222.91467276505932,9814,,,
exponential,13.458349109602304,-175.8261684723934,93.52455853954156,-23.836197357555942,9854,,,0.44021739052163317
quadratic,0.33727372824156715,0.6705651293738649,-0.012478255877542832,-166.0858709804457,9859,,,
exponential,0.2891104675191682,0.7174687267723818,1.1225908403475362,-187.45946600112717,9875,,,-0.8241726362128188
quadratic,0.14675127237269936,0.8603115602707633,-0.004722327951186545,-165.49923115228523,9877,,,
quadratic,0.3386639634754923,0.6825048980614473,-0.022826022343535913,-158.1868110516578,9881,,,
linear,,,,-176.47902793868204,9882,0.9809643806049808,0.015704347912952745,
linear,,,,-155.1126446634212,9891,1.3986831487928977,-0.4257154913559671,
quadratic,0.09023216797726438,0.7749860167028716,0.1327861055897588,-172.1915303197288,9905,,,
quadratic,0.41169299529696984,0.49539776723212164,0.1038867332720642,-174.47564606059237,9909,,,
linear,,,,-193.81567840151666,9933,0.9613151127252214,0.030156505849078964,
linear,,,,-149.7428240401965,9939,0.9300763820083107,0.06467317488193783,
linear,,,,-103.92980542493311,9945,1.5274752005378387,-0.5359175343458695,
linear,,,,-174.45467307143852,9949,1.0545454548792454,-0.05021645040920686,
linear,,,,-183.36344228081222,9956,0.6958754030466056,0.3020837806922385,
quadratic,0.22670357482096903,0.6704548401334288,0.1061210026658516,-170.38760749935412,9984,,,
