task_id,model,bic,p1,p2,p3
0,linear,-166.7767780033591,0.63164233691562,0.362496228498335,
1,linear,-164.19615312745373,0.9329884755853696,0.06844306076143818,
2,quadratic,-124.23487442793571,1.0454527481766485,0.003575501373684169,
3,linear,-175.37985435001363,0.7235276430156976,0.28414859350080396,
4,linear,-108.362488610669,0.7495751356172258,0.1981305249785002,
5,linear,-189.85991046332418,0.7156390476477533,0.2864072542982458,
6,linear,-151.12381394711528,0.4039329872230072,0.5986006882176311,
7,linear,-157.4127722356753,0.417242206046243,0.6186085732725615,
8,linear,-159.67181301541106,0.9744562016416335,0.01701504048207526,
9,linear,-162.54017679127531,0.7062264609419178,0.2979164941554148,
10,linear,-155.64636430303557,0.6562878692690096,0.3916009433344803,
11,exponential,-50.920188117752836,-5.904231258795142e-07,13.485523921635805,0.5542287237681425
12,periodic,-155.14242622268688,0.20079294043931423,4.670931311793979,0.8319265597087104
13,linear,-107.37851178506583,0.7119200036901332,0.2618590269996032,
14,linear,-82.31499952777627,0.0985786551262301,0.7792422669991382,
15,linear,-138.5896996532492,0.9137193604967982,0.0716451307027749,
16,linear,-87.76801193749428,0.7524762275567223,0.2493736576230233,
17,exponential,-158.1270267450944,0.8852866036933067,0.7521544447449419,-0.8675738113804803
18,linear,-142.81540605896734,0.9779248409901709,0.020420442856918082,
19,linear,-152.1185894455311,0.9768737790240545,0.017859413645789583,
20,linear,-149.42534341069413,0.9700896055521515,0.024954119173062075,
21,linear,-155.2255150357528,1.0062777376866852,0.03708580810708523,
22,exponential,-153.9177329828675,0.5914686362678465,0.9631971483201294,-0.5613359738938014
23,linear,-169.01438100904457,0.9078732523687124,0.09702062418042968,
24,exponential,-149.7541085417529,0.5373268361966762,1.1176794406117516,-0.6353844413594489
25,linear,-126.83764773783115,0.9011643044002013,0.11679195124307533,
26,periodic,-167.1269485134563,-0.05387764313566585,6.8390205366560615,0.9288740474077439
27,linear,-167.521286670596,0.45907678216050674,0.5634970589057382,
28,quadratic,-169.16706990752436,0.5125340674969601,0.5125908606662677,
29,linear,-144.02811038324418,0.914563197611498,0.06918890661867608,
30,linear,-128.92493977182457,0.6680541097855485,0.3636836631609289,
31,linear,-158.88551664684067,1.0513594804444983,-0.05943335995765725,
32,linear,-155.79138666382198,0.9768635329947905,0.046475909216522976,
33,linear,-235.32423781038096,1.006995023190785,-0.006202597174178206,
34,linear,-169.36411535206722,0.9873546095375615,0.0371885586722279,
35,linear,-64.69911937083229,-0.808781885862462,0.5902038460302028,
36,linear,-158.8332496580181,1.0532412645513345,-0.06485967036931994,
37,linear,-139.36756357933652,1.0108870819944193,0.03563875349152792,
38,exponential,-137.12297308155112,0.03041582285608858,3.59164028391855,-0.10303350213710905
39,quadratic,-54.73413222942362,-0.1801105254580584,0.7460993107898927,
40,linear,-124.70158904966856,-0.8371083992430809,1.0061695657237244,
41,linear,-102.07866011955419,2.0512681307715415,-1.1161503388050973,
42,linear,-171.80648382967703,0.9930399817553037,0.013216714409416321,
43,linear,-174.49595081018,0.8960042781978892,0.10909683023712144,
44,linear,-143.64921474799604,1.318421053793702,-0.30806391062112565,
45,linear,-143.25020328229022,-0.5836144041571143,1.262266920656532,
46,quadratic,-115.53798629165257,0.7454413465260479,0.26841348079605754,
48,linear,-157.26312339125198,0.8960763380486437,0.1296082004304553,
49,linear,-142.5486657986832,1.0160229586448957,0.005328726652402846,
50,linear,-154.2071123508058,-0.8890808012462168,1.4713296598918695,
51,exponential,-174.5094426173367,0.8356825272890887,0.7905037769537724,-0.827013315558829
52,linear,-143.5871317779855,0.9301400372944145,0.11511544993824135,
53,linear,-185.9681182923122,0.6414538691467742,0.364166840107911,
54,exponential,-184.14961295560192,2.9655908320984805,0.2894827085640959,-2.967339366358367
55,linear,-168.95083907549494,1.0132667408545109,-0.02392252947331359,
56,quadratic,-133.67477222132155,1.0031878593403427,0.012997775431357298,
57,linear,-151.9930041104381,0.970454956098779,0.02692134106066253,
58,linear,-164.77912281979056,0.887500800566737,0.1115084704562549,
59,linear,-131.3112738512986,0.8719766749423369,0.19336388405685243,
60,linear,-128.25955766666505,0.6741751456592586,0.37890027192869274,
61,exponential,-140.30060161611019,2.854295592382704,0.28485895924686055,-2.851920004992295
62,linear,-133.24654045762216,-0.8129085139470789,1.2597267111739279,
63,periodic,-86.12874902638617,0.30158054996073724,6.748835408473333,0.6575011152688818
64,exponential,-198.32618069306312,12.86624259011776,0.08144076647149148,-12.95483100334915
65,exponential,-183.64943151320404,3.3946772879213847,0.24857301700635556,-3.3385703972052445
66,linear,-115.21720149193764,-0.9309372902316265,1.1843792900529564,
67,periodic,-126.7170645050862,0.27796622131830695,8.149722020203843,0.6865949786597065
68,linear,-29.54400175180057,0.6197452214176657,0.37586695087409766,
69,linear,-126.08144695388025,1.0774258177436167,-0.05909062661488246,
70,linear,-152.21906473682668,0.6090837626601414,0.39990451254317705,
71,linear,-131.89742659013663,0.8488036759109746,0.15261229455844538,
72,linear,-162.0990043965602,0.4371161001935659,0.5945823959267267,
73,linear,-118.23140621905206,0.9132676554579726,0.14743665180320198,
74,quadratic,-97.14900293548764,-0.08539859708827202,0.8622725178208938,
75,quadratic,-194.08389751831655,0.5834181108733117,0.42825939610124963,
76,linear,-146.17232632177712,1.079930318639779,-0.07254699340884424,
77,linear,-128.15983171179406,0.9500735499176253,0.11367652298811655,
78,linear,-106.99988935321315,0.9085063323774919,0.2442463231989133,
79,quadratic,-184.75212631698147,0.4585444484607211,0.5539101208570631,
80,linear,-120.64551508730176,0.7980167340989647,0.2559652927376621,
81,periodic,-126.45170172461752,-0.20815213787117293,5.383606615175033,0.7700556290937296
82,linear,-118.4186916980439,0.7541351011233985,0.2126016415042876,
83,exponential,-192.8141074932283,1.2100089476588591,0.5865358652887365,-1.179937957571366
84,linear,-126.65410062855268,0.940675275755634,0.055962544299389134,
85,linear,-171.39310604612638,-0.15227271563635836,0.972704017670028,
86,linear,-138.02818180017837,1.0034902050811463,0.017891613156412495,
87,linear,-142.67959973207442,0.7704761224040124,0.21075187380991262,
88,exponential,-284.5150190006103,1.5432834467160825,0.49719711375446124,-1.5379874872744994
89,linear,-111.27179719940457,0.6942801246293693,0.384919834922176,
90,linear,-96.64093265950589,0.5628236738673118,0.5426540470986724,
91,linear,-101.74082002972098,1.0771717930997258,0.07757592807050682,
92,exponential,-123.86422643697065,0.4371125942181973,1.153008306994723,-0.4303395259756572
93,linear,-167.9504190639428,0.9748573239518008,0.022474861901467854,
95,exponential,-184.45396721220075,3.598778684464328,0.24331303450432853,-3.5800246235549693
96,linear,-157.8405324544395,0.937408033157008,0.07459971687693244,
97,linear,-153.53009775488815,-0.36743877482302917,1.068126710445249,
98,linear,-196.6497267888828,0.6478195656073772,0.344394871636742,
99,linear,-158.54473285044187,1.0179210062536137,-0.018704676722166077,
100,periodic,-80.64792657810031,0.19201918143786245,6.86133781347967,0.846617065510945
101,linear,-162.1649239322934,0.8139785911499928,0.20318820783488956,
102,linear,-152.1393219866125,0.4675349364262289,0.5582110537372605,
103,linear,-180.60088604367326,0.2716411288181467,0.7342104281421172,
104,linear,-150.43972246444943,0.7031545262257157,0.3514030609158206,
105,linear,-162.49003969118442,0.8612853447150606,0.16618333395509297,
106,linear,-141.77874688258964,0.7764167133117481,0.25091071638488904,
107,linear,-154.81480023441742,0.7693570492972126,0.23879023381673614,
108,linear,-189.1310080041113,0.8235611985446473,0.1786088229009783,
109,exponential,-175.63787267145392,1.0401381611482454,0.5804089303787807,-0.864119693315075
110,linear,-241.97586962740803,1.0000196415638183,9.890161871842027e-05,
111,linear,-144.3925917039292,0.9086043268426355,0.10757704683161796,
112,linear,-159.71995052379532,0.8003768961081421,0.17132246993335118,
113,linear,-150.8379785719695,0.6116330824680645,0.39648120313695256,
114,exponential,-147.03867744772737,1.879102083551519,0.39747287236197665,-1.8007324074887123
115,exponential,-143.2094120043527,0.2873400554977446,1.4791814734188495,-0.28325984677897975
116,linear,-50.1283941462944,0.5537757338973418,0.12547674326916616,
117,linear,-159.43728659211595,0.30122180426214173,0.6952067670012396,
118,linear,-112.21939786803851,0.8771413470377153,0.039888107511568405,
119,linear,-123.61293023784303,0.4488261476875852,0.6107948437906261,
120,linear,-147.89574938937656,1.2642159378429447,-0.26639880869000176,
121,linear,-168.22505051464168,0.8687485918302231,0.14509197598241433,
122,quadratic,-51.39661899892467,-0.5212646502164298,0.7120036932159193,
123,linear,-34.94094910010131,0.7692307690972782,0.20401337800117647,
124,linear,-131.43491858316156,1.074372322237841,0.0008867374772709094,
125,linear,-107.64249362284734,0.37677247123483165,0.7296421954806068,
126,linear,-105.84087782674393,0.21170084496370614,0.8482086848894237,
127,linear,-161.4691998282256,0.4771294542287907,0.5378361482575774,
128,linear,-157.1582530839888,0.7027509297442718,0.26280669119515765,
129,linear,-143.32906179323106,-0.6203235879784721,1.0859747059720817,
130,linear,-160.55760749693437,0.9565706483334433,0.055912742900621946,
131,exponential,-150.1128809133594,1.3449299032794224,0.3951486403920696,-0.9759548308304047
132,linear,-153.62315770677642,0.8341926105039519,0.1393465900709982,
133,exponential,-117.10277075443501,0.7101961848652012,0.8314134676682827,-0.6348233111730516
134,quadratic,-184.14583190451398,0.6335601074256605,0.37401771214868096,
135,linear,-155.26904414326944,0.323558429981867,0.7041734397832305,
136,linear,-170.4327973651274,0.4312743879888049,0.5926677376901445,
137,linear,-194.865689254449,-0.3099585975451908,1.0874560248217964,
138,linear,-175.44890835343648,0.6895419135239695,0.32518668993434574,
139,quadratic,-101.66897958632201,0.3261861643731207,0.6894748314445159,
140,linear,-116.68825421270164,0.896003493894123,0.19655424439951583,
141,linear,-138.57506090622473,0.90606866446717,0.10563612472392624,
142,linear,-186.82178931942715,1.4432299023633557,-0.4338542872946747,
143,linear,-69.9009024908672,0.5983766045514138,0.2976284596269363,
144,linear,-130.4284916638546,-0.7217377559218661,1.0571533952893544,
145,linear,-114.311258898597,0.7549662603459519,0.2280836783140851,
146,exponential,-101.38604296968492,0.03507664634976917,3.1394828174919107,0.22307057648606904
147,linear,-139.68746424840725,0.9704159645704951,0.0612518265600528,
148,linear,-122.91425818669101,-1.2960423014819005,1.7697953658854084,
149,linear,-183.03601377190236,0.940966790675779,0.06752776320174686,
150,linear,-165.40204537528766,1.0163003861019881,0.019921013404449982,
151,linear,-160.3464399359423,0.4784570892812284,0.52146778734802,
152,exponential,-116.77529821642761,0.223320092178742,1.4445892357062493,-0.017836208181584146
153,periodic,-121.35130289235138,0.2723775285279777,4.977644588118249,0.7066033236248113
154,linear,-126.550780966103,0.46968085737333226,0.5149903245181826,
155,linear,-200.0046352070421,0.2397994990359125,0.7573433582336536,
156,linear,-93.72839611648162,0.735604211979803,0.2748482700929459,
157,exponential,-136.72185822233638,1.1888681855132375,0.6153186686787004,-1.2037738567384617
158,linear,-132.64471729985544,0.9788595148672402,-0.009211913431381615,
159,linear,-148.59853000747063,1.0167839004783503,-0.04332966265754788,
160,linear,-106.50946491222369,0.7835099777759515,0.2834200114823716,
161,linear,-153.84902866564443,0.8037021171180818,0.21776497409331494,
162,linear,-188.39949343731965,0.2952976034857751,0.71634979118925,
164,exponential,-192.55190375604064,0.7866318619409384,0.8418291700524453,-0.8178792891758433
165,quadratic,-68.63105592315516,0.5314080716735892,0.41091854242654646,
166,linear,-178.70301552002937,0.6324926133701972,0.3729902312843522,
167,linear,-169.3864789228913,0.4228510751978511,0.5972031215262155,
168,periodic,-174.1213865839062,-0.17160221784957957,4.733759499914656,0.808093971883387
169,linear,-109.95720811973878,0.6877497159763579,0.3417112299835661,
170,linear,-162.28838931601973,0.904574640057888,0.11737988290799675,
171,linear,-125.95265757583847,0.660116018834072,0.3759184182298206,
172,linear,-166.87609419493234,0.985454477195556,-0.0035834833655594466,
173,linear,-163.47097910577332,0.6552162325796863,0.34078824796900437,
174,linear,-173.13523165017392,0.9742567897109821,0.013319494343352346,
175,linear,-53.101486579052505,0.4379410146896028,0.29398114164742734,
176,linear,-131.06775805349218,0.9119439321148198,0.07723878028181805,
177,linear,-131.7024557333516,0.5772641238568187,0.41867800310922626,
178,linear,-75.32237175602386,0.6567533533004777,0.22657217261114423,
179,linear,-154.692257084363,0.6273446001874659,0.38551605144639295,
180,linear,-161.46801522815295,-0.58152281252624,1.0718030045616387,
181,linear,-190.97667138863008,0.9882706767069399,0.018336466152772214,
182,linear,-161.7762412017102,1.1175650168929818,-0.12567865837940215,
183,linear,-151.0272117336966,0.6566554956009663,0.3739317231577702,
184,linear,-94.33324814112756,0.7896949149743859,0.19941281110788986,
185,periodic,-54.265342040107356,0.23317920207373347,5.791880520573061,0.46990832252095943
186,linear,-128.93212766327602,-0.9792967955108309,1.3072502870397853,
187,linear,-182.94463685911415,0.998848853695686,-0.007096477240457475,
188,linear,-147.6548311269274,0.3419388315753979,0.6825081668728176,
189,linear,-116.01533555035708,0.7969924807776136,0.22872180480196402,
190,periodic,-50.390680604538865,-0.233358734836215,9.384105111511555,0.4190210243685565
191,linear,-122.03916782285229,0.8740646055595613,0.19227570840272384,
192,linear,-184.148568892788,0.37785136050600066,0.6377299493085951,
193,linear,-99.39100034480794,-1.2109857965048738,1.173855944169621,
195,linear,-112.3801595198775,0.8717712899552035,0.17104566502303703,
196,linear,-116.0834132623402,0.8242804433280242,0.23392288728455568,
197,linear,-131.3311659878578,1.0855530638410893,-0.042818944556663865,
199,linear,-206.27383579211488,0.9521520488244379,0.04153279094353605,
200,linear,-155.67244355624345,0.9261806644117941,0.08446102668638776,
201,linear,-142.43859814183492,0.801089480449958,0.21614988268342358,
202,periodic,-182.78987447059038,-0.09534709973868001,4.992244975527972,0.8904759757646491
203,linear,-104.33785536946907,0.9185547432048444,0.08114001228197738,
204,linear,-100.42672437146386,0.84627276172405,0.01718280006583895,
205,quadratic,-139.77336435523947,0.8213197394916512,0.1968521018451987,
206,linear,-116.75132651166213,0.9985906029030069,-0.012294293482709698,
207,linear,-138.63635773365527,0.6393414769154442,0.39735749981724405,
208,linear,-55.83913452925126,-1.8911325341659482,1.9848771060270536,
209,linear,-160.3483888068286,0.9969427418649852,0.017457643384336155,
210,linear,-106.94958983328847,-0.5737240327738795,0.9192319645428585,
211,linear,-138.378099411558,0.9324033304320116,0.11458696257397108,
212,linear,-138.2213332838486,0.8714380751732798,0.13459286370508636,
213,periodic,-150.63720215757672,-0.2746053664860061,4.46504766838923,0.7020340527370044
214,linear,-168.81268464348747,-0.30942078980059395,1.0903453617748038,
216,linear,-162.93940055022776,0.9937673556986917,0.00538414072824844,
217,linear,-1453.1642949344355,1.2142857142857146,-0.21428571428571444,
218,linear,-181.1948400013562,-0.17764346285811336,1.0510193042013567,
219,linear,-154.64362908536708,0.872195754184977,0.1258628020650072,
220,quadratic,-91.75924779074238,0.7550875801058861,0.20341614056556256,
221,quadratic,-177.6093652054688,-0.43376010774312695,1.0925695352977853,
222,linear,-181.99336918815612,0.6888712106582826,0.3200845274205265,
223,linear,-105.75923938887044,1.1263645609033237,0.029908484772247692,
224,linear,-189.73221611407737,-0.37370355976675107,1.1184298112651834,
225,linear,-171.07846296944714,0.9729759639926364,0.017480293353555866,
226,linear,-144.15771920045736,0.6467887434130215,0.3985976479624752,
227,linear,-114.02788259295612,1.0112280714036512,-0.03384015684295507,
228,quadratic,-75.025526242982,-0.30418068232770423,0.8285892246586719,
229,linear,-143.24182607598019,0.709532176903372,0.28700473771520707,
230,linear,-175.34449886433364,0.569410432975275,0.41491055146066014,
231,linear,-194.79761984045828,0.9868199511197787,0.007481892054193376,
232,linear,-223.22803637185675,0.9984550258581212,0.0019458055841956447,
233,linear,-150.10225117230436,0.8542013817536742,0.17967211175447037,
234,linear,-67.07047720610801,0.2836532697205546,0.5166766125679366,
235,linear,-156.0072933321,0.9808696816510395,0.047684424192993013,
236,linear,-217.28829133793772,0.28961303868145855,0.7158214896541757,
237,linear,-153.4550122968869,0.9446571273936202,0.049903486655575105,
238,linear,-88.29767837903975,-0.6899708030615908,0.48255016235921594,
239,linear,-177.58951780179808,0.9938221945111281,-0.0007916146097373291,
240,linear,-100.99675427305736,-0.7418226884637324,1.0800266242004406,
241,linear,-152.21827484190646,0.580087105448743,0.4561221326087124,
242,linear,-174.93165956067352,0.6121472979427218,0.40446768794151877,
243,linear,-149.85552698600176,0.890722468115184,0.12820951674254685,
244,linear,-137.17300391968948,0.8831411450671834,0.11450278754120434,
245,linear,-160.18162991978562,1.0135758777188686,-0.012512206411549388,
246,linear,-167.67924237406336,0.34292797254985197,0.6751115679648565,
247,linear,-160.98450789490607,0.4966363276262873,0.5142659279967446,
248,linear,-134.43121334082858,0.9523568609411517,0.030992061118968763,
249,exponential,-166.2028468039212,0.8317173478970519,0.5825786119513773,-0.49100035069311215
250,exponential,-135.18498284283962,1.2104972564908025,0.5599219971923867,-1.1318244962457897
251,linear,-136.70884278925786,0.9265263851890664,0.09559787917132131,
252,linear,-130.68827943679932,0.8268005385237405,0.23823087281829802,
253,linear,-145.4957628317022,1.026202372975629,-0.02198479880216112,
254,exponential,-143.77885026056677,2.286749670444082,0.36554900624141057,-2.2917272974687326
255,exponential,-130.01794677282672,0.04965759066235922,2.7967312913050066,0.14393918850461937
256,linear,-146.59087253001945,0.8921467851589066,0.13679170539325056,
257,linear,-144.80138400510492,0.9874111544046921,0.022838378662962327,
258,linear,-123.08896490327628,0.7898988950205346,0.2945358582781806,
259,linear,-161.10742231169965,0.9201338277058217,0.10740751753047113,
260,linear,-138.7299640799931,0.7907033960012727,0.2202820120854055,
262,linear,-33.9973393104761,0.875331565507757,0.11671087500592774,
263,linear,-134.32188253464332,1.2292724271733384,-0.21218295591659256,
264,linear,-147.7259081847101,1.0137068849136432,-0.032839566362843985,
265,linear,-127.39504299612842,0.9005156029959002,0.12169519781508327,
266,linear,-185.1542136221858,0.8875000000575713,0.11607142852843903,
267,periodic,-170.61351899725892,0.044901384671325595,8.09113460715114,0.9460710732348151
268,linear,-157.24483968924653,0.9577835521220921,0.06875875022598273,
269,quadratic,-24.358879954218285,-0.4729446935757087,0.4964872944704403,
270,linear,-151.6490484780038,0.8171375019665745,0.20443408359850695,
271,linear,-151.89674780823262,0.897406551333222,0.11184906686143987,
272,linear,-153.55329868084394,0.5680733141879108,0.4431465931185045,
273,exponential,-113.74769459910144,0.9308418048564288,0.7071049593807899,-0.8682920233252714
274,exponential,-180.37620450583162,0.8425572517891438,0.6470879014934251,-0.6020471805243853
275,linear,-101.4564804738138,0.8222135909806381,0.10937736112190216,
276,linear,-118.18364536541934,0.546184567027898,0.48137892563883367,
277,linear,-133.58622071653195,0.8383510349497284,0.20384807496654755,
278,linear,-104.86707148412252,0.5514734180909369,0.538670474370066,
279,linear,-137.8226393974155,0.9850505201547078,0.03425233824044218,
280,exponential,-87.88030752871902,0.00034071390631411157,8.006110688271917,0.056281638536343756
281,linear,-106.91082798423999,0.9962739173123583,0.04405840892362429,
282,exponential,-161.10878867404722,3.084051322447227,0.2884136588520098,-3.1157855899176994
283,linear,-1489.0742507612088,0.9767441860465116,0.023255813953488386,
284,linear,-130.5918689860427,0.5403441423826582,0.5052071995096774,
285,quadratic,-157.59710676279346,0.591303323512555,0.4348474916415106,
286,linear,-148.15561226388897,0.9552600876502217,0.06474608472692976,
287,linear,-161.49789141775858,0.5379177202665111,0.46535589502863994,
288,linear,-140.45547630696987,0.8822816186286726,0.1449874724435416,
289,exponential,-149.74335850683835,1.4717982448304687,0.43825432335766523,-1.2849106894584843
290,linear,-149.6162248343241,1.0368029408604635,-0.03184118725167456,
291,linear,-148.59230493075515,0.4966089617504439,0.551617397409014,
292,linear,-126.79431693492499,0.8496983758936729,0.21897752675785165,
293,linear,-167.70712745672898,0.35256154178794324,0.6538222136875443,
294,linear,-142.85337730390577,0.965368421945894,0.06434586407008255,
295,linear,-187.75441956784059,0.3530804587113895,0.6496632039876117,
296,linear,-157.05411063776663,0.6192586097974722,0.4003360816674837,
297,linear,-208.26665090983005,-0.19636634441668938,1.073758913931286,
298,linear,-155.11023710764755,0.6843017626489065,0.3195858199331894,
299,linear,-178.05506458166855,0.3583954045790626,0.6433451185793245,
300,linear,-121.19765750523726,0.8249502627562018,0.1466157179536039,
301,linear,-147.89860408272688,0.6040908152387501,0.42407493107468897,
302,linear,-175.4934597524434,0.31190919165744546,0.6994575373323461,
303,linear,-153.290048344498,0.7836301009795601,0.255325345898667,
304,exponential,-179.04836368274798,0.47674351139869425,0.994059873264692,-0.29918697473654604
305,linear,-184.99331483882224,0.43413920262933914,0.5650835112260859,
306,linear,-222.26581604475373,0.9377350860851523,0.0572353227941921,
307,linear,-160.9467962495737,0.9501721559524698,0.09974521565590831,
308,linear,-117.05407840722576,0.7887760626764394,0.27042864984255605,
309,linear,-158.64625886505107,0.8902434246306555,0.11394754242943365,
310,linear,-187.5542729162733,-0.25664894443140596,1.074440276777022,
311,linear,-151.51260112546325,0.832236842699658,0.18740601460021297,
312,linear,-132.2483753493921,0.6482261820652861,0.3966500508770554,
313,linear,-128.58209293280547,1.0911835975845363,-0.08218205756917632,
314,linear,-147.8997718512595,0.7018329556573195,0.2964409037047336,
315,periodic,-109.72851713039756,0.6915300969209915,2.539826607504261,0.24067414226349648
316,periodic,-166.78880210668294,-0.15800757182980105,4.996373381802832,0.8268558912271672
317,linear,-1467.9434292662602,0.7678571428571428,0.23214285714285712,
318,linear,-188.3004543527114,0.5706735369132715,0.43461655714548253,
319,linear,-131.44886926602533,-0.9189244574735491,1.3107613865505208,
320,linear,-186.4664916895462,1.0150406368442018,-0.014839720509934571,
321,linear,-140.00682953298903,0.9992648288637276,-0.005614035177904499,
322,linear,-158.7063273663458,0.9178648647854982,0.09742862483965754,
323,linear,-135.0401072755236,-0.8122178870546457,1.161929148083043,
324,linear,-1482.2807034098055,1.565217391304348,-0.5652173913043479,
325,exponential,-160.98575450173945,1.0610262570115045,0.6550803683870066,-1.030990732487761
326,linear,-161.11804113165007,1.010142201702721,0.02153006942886974,
327,linear,-129.80511237800687,0.7342919451797472,0.2689266548974317,
328,linear,-131.68108850623912,-1.240210527824388,1.6522105274910928,
329,linear,-174.35198375023478,0.897472481294683,0.12414327094373569,
330,linear,-186.1154313778858,0.2282976539015068,0.7714932126713664,
331,linear,-173.2818120313633,0.7966913743471448,0.19959837797725263,
332,quadratic,-155.86941784023816,1.023215774630068,-0.013234742293060663,
333,quadratic,-220.10849634609673,1.0061824736099094,-0.0013109655837593378,
334,linear,-145.83962140545006,0.9862718082190607,0.01535574299147664,
335,quadratic,-1495.3592327579388,1.0,0.0,
336,exponential,-168.69533673547787,2.937178549737258,0.2783358472534515,-2.8742497639811346
337,exponential,-156.03498836862295,0.3841122572527465,1.2686884816786859,-0.3401033336048446
338,linear,-136.42070906796835,0.9487303288093549,0.04903612945330556,
339,exponential,-151.0346717701115,0.6799019963934231,0.726190420312334,-0.4268493346778995
340,quadratic,-113.5584346556034,0.9054055055729676,0.030685545121796182,
341,linear,-151.03174495777418,-0.6804161049085543,1.0974940277126348,
342,linear,-74.70330777021246,-1.1086776426249059,0.983278497327437,
343,linear,-210.1018355423758,0.9925457663307552,0.006214102037926927,
344,linear,-130.79350297152615,0.8329786228960344,0.18944705741225823,
345,exponential,-183.59761569898163,2.033408270497825,0.3856251220199788,-1.9955412051416255
346,linear,-129.06355331813768,0.6566182738992012,0.3838255700834985,
347,linear,-167.03044974977223,0.990730038179399,0.01766382491802686,
348,linear,-194.01818797991615,0.9199413919518347,0.08012184994365693,
349,linear,-155.4622032125122,0.5075107915158208,0.5138792233322663,
350,linear,-143.53891975286504,0.9573404014509648,0.014176205508536651,
351,linear,-146.19643796059964,0.9546041427767817,0.0624548404092096,
352,linear,-158.69139372994366,1.0381609986333502,-0.04336378249943207,
353,linear,-144.62365210667772,-0.6991919995147742,1.0007927984905622,
354,linear,-130.4110376850311,0.8728602943631425,0.1560645543302824,
355,linear,-118.65829821356229,0.8060342199004389,0.24645190279979357,
356,linear,-135.7739991899606,0.7328838469989138,0.25497405605149276,
357,linear,-94.20759770365565,0.680836560764811,0.31843353841118116,
358,linear,-165.90998544207304,0.9865391340271022,0.028900702878523952,
359,linear,-50.92697837441085,0.4519717196315325,0.39651879602744955,
360,linear,-55.847036736038156,-0.5122540207795994,0.8107733163811537,
361,exponential,-176.983683864287,0.8685007376525431,0.5797636104618321,-0.5555890265962062
362,quadratic,-48.373721195119934,-0.3583152807919159,0.6708041844651232,
363,linear,-167.10265713974957,0.9895096700042285,0.019411249646163215,
364,linear,-205.29280110063178,0.9393483709210646,0.05588972430755037,
365,linear,-149.12730419440678,1.0055063813627145,0.00904384675714542,
366,linear,-78.83187834420683,0.7433154263552612,0.24612304161064563,
367,linear,-105.99461877774125,1.0004901808775986,0.10797950096877958,
368,linear,-182.50637930726307,1.010955748572804,-0.007439253465859236,
369,exponential,-140.23144764949834,0.36714137557377907,1.2825593918927078,-0.3400172828149029
370,linear,-88.632098362667,0.6349738621716594,0.38119743361701514,
371,exponential,-161.49531172753856,1.7677528486426255,0.45444188058691837,-1.7889477537991976
372,linear,-190.71834156178656,1.0007483792922987,-0.001525396378198358,
373,exponential,-144.19565072271624,1.3409884653552302,0.5731744749010282,-1.3491831663763312
374,linear,-85.69737421988707,0.8136886435605072,0.1514131702170322,
375,linear,-125.76007934731139,0.7866625839161375,0.24108698569876694,
376,linear,-132.55622142628494,0.8905616972648528,0.11772804314237975,
377,linear,-162.6280507154879,0.9288813428659157,0.07125465591018199,
378,linear,-157.72966366860496,0.9314715359674925,0.10954887218546434,
379,quadratic,-87.77437383646763,0.6477354161198028,0.3511299938755285,
380,linear,-133.80210045199098,0.7597180333957524,0.26891471568673747,
381,linear,-151.32672191114972,0.9233404510104678,0.09464205249991134,
382,linear,-105.49416001532454,0.7618725472430925,0.31202086555672837,
383,linear,-71.17359822094387,0.5953410923853979,0.3206611112355731,
384,exponential,-145.90618749249472,0.6287161278625095,0.9347218635195863,-0.6036101874694937
385,exponential,-135.06598340346252,1.8331049534296302,0.5054309045827984,-2.0289208804432404
386,linear,-58.74732806324957,0.39967421563412586,0.421166730526465,
387,linear,-121.62262855377183,-0.48543995626167014,0.9775053727789615,
388,linear,-68.50688926612091,0.6561764146267806,0.2493225171392624,
389,periodic,-58.99639383289273,0.1501413658976723,5.515245203092343,0.6459137901177131
390,linear,-154.8332523858379,0.8493329744708695,0.16328091963516753,
391,exponential,-110.66524835987688,0.802869310752112,0.791431788685415,-0.7389653640330247
392,linear,-139.73573035293433,0.9292545143761332,0.10949546431850152,
393,linear,-165.89267209027193,1.103758864238871,-0.09397564855361554,
394,linear,-127.93545504640132,0.7492009763913349,0.32051078148378037,
395,linear,-129.33612597155405,1.0234963552470668,0.05332840805950756,
396,exponential,-165.78151242656398,0.5792335716333956,0.8558254989893689,-0.3634566827172401
397,linear,-106.55927927547911,0.7917923798767367,0.28027127313204275,
398,linear,-159.82764713584575,0.9698422347206408,-0.011401510693121076,
399,linear,-17.47404784468404,0.4020618579346273,0.6119962501243121,
400,exponential,-152.65397375253258,2.5339681662468196,0.3061766405808569,-2.458263394328631
401,linear,-137.37974308405322,1.074062631994239,-0.009350018905709877,
402,linear,-173.28767092911997,0.2924227969819965,0.7170745042243603,
403,linear,-144.16491603249716,0.82824402420967,0.21549120045390488,
404,linear,-140.19215972736762,0.9841342264668268,0.041935464341655765,
405,periodic,-194.58823149323084,0.07435239935979591,4.710935669643851,0.9173721553370452
406,linear,-169.87683046474004,0.6434623149432052,0.3581056294233077,
407,linear,-149.82141818279632,0.8144762294866471,0.18865816015325848,
408,linear,-164.9136102827695,0.9495578947101196,0.06453734338026877,
409,quadratic,-170.27481635702577,0.7114942392701893,0.28284815330579505,
410,linear,-228.96544696145608,1.0037490365887265,0.0033137826245110773,
411,exponential,-166.56350704974102,2.1832966555567177,0.34621861479583915,-2.0742305131582133
412,linear,-160.20485414165415,1.0521862347874331,-0.032735685358042395,
413,exponential,-174.65351806004062,4.343223588637202,0.21650900220289046,-4.3950398834205515
414,exponential,-144.34366123975053,0.1602941292805798,2.0852468101081736,-0.2521113572656153
415,linear,-23.07328398317511,-6.8250000000000215,7.10000000000002,
416,quadratic,-1488.5749183065996,1.0,0.0,
417,linear,-165.84506805053448,0.8771502406296808,0.14834443680475015,
418,linear,-244.4126465177504,0.9987087301986065,0.000867987831047698,
419,linear,-1493.3136557755302,0.8076923076923077,0.1923076923076923,
420,linear,-112.1253084231333,-0.3876683033382926,0.2598373394688467,
421,linear,-225.63405519659725,1.0003441862146585,-0.001127424801612412,
422,linear,-144.84070157959854,-0.3874463095002171,1.0233356600512513,
423,linear,-134.7519812160002,0.9576855416223152,0.06769041447159717,
424,linear,-92.12014213494761,-1.0080571338703317,0.9092705105940364,
425,linear,-133.08863172562315,-0.7525480356428778,1.0006432742682423,
426,linear,-99.7774248254085,0.18039709160125994,0.3658098767453576,
427,linear,-117.41371392355234,0.5276234062895618,0.525171624742063,
428,linear,-188.47111160792218,0.6432897125101699,0.3699414560503087,
429,linear,-42.16543396553536,0.7854645354393158,0.22377622379034676,
430,linear,-84.49965508750827,0.9157894735132857,0.22321052640199412,
431,linear,-161.0969351108566,1.0140171543535377,-0.0024089617142755136,
432,linear,-146.17862593381997,0.8366206186716563,0.17794310929366547,
433,linear,-147.16641734162565,0.7151839461133437,0.32099228146587827,
434,linear,-67.83099583345626,-0.786653908108742,1.1311045486786862,
435,linear,-161.3145601584522,0.9327984961118114,0.07617437539252409,
436,linear,-130.64062317103148,1.0452334231489362,-0.004345134100441241,
437,linear,-134.51378709381046,0.483439240073935,0.5809643146311034,
438,quadratic,-147.4604998484265,0.7149111591238309,0.2877374190206176,
439,linear,-195.8288667996897,1.0128806012162421,-0.007915434530603248,
440,linear,-171.50422469036067,0.9630023474957696,0.020449413831405257,
441,linear,-1493.3136557755302,1.0,0.0,
442,quadratic,-137.35996025622197,0.52485503720858,0.4628313453200871,
443,linear,-176.27928892208527,0.8638596490562322,0.1447117795045527,
444,linear,-122.74415797764125,0.30066862362708036,0.730946298039537,
445,linear,-158.57476754783312,0.2671637759150468,0.7302347804889159,
446,linear,-190.94731451898633,0.9049622752294619,0.08792027330194103,
447,linear,-144.72032566173542,0.5257546526203644,0.472141311203786,
448,exponential,-161.57755493785865,0.9726401286953873,0.7258768320435292,-0.9793291414435367
449,exponential,-161.31058320626911,0.883273821446665,0.7815437016276232,-0.9152928239226036
451,linear,-149.31890701453088,0.867736319529319,0.1469187637831806,
452,linear,-111.58594125726695,1.6836022943119702,-0.6584315486463387,
453,linear,-168.2402653961514,0.8400185672823899,0.17113116723658936,
454,linear,-127.89673569660648,1.1770253654714686,-0.1463549797688314,
455,linear,-168.79271755930657,0.9008099917508173,0.10468475988095696,
456,quadratic,-42.97811449143535,-0.1584723445722418,0.4508728404941324,
457,exponential,-153.0725454716441,1.4487509089702533,0.4528771807339186,-1.2649257505190001
458,linear,-176.72267784004322,0.7776367956971859,0.21636852856071442,
459,linear,-217.35020970382655,1.0033285307989301,0.00526400929625883,
460,linear,-158.72061488008222,-0.623848791037898,1.3444726204570077,
461,quadratic,-6.301656431438474,0.3451995684991114,0.5364976627124248,
462,exponential,-164.00489419694117,1.3831977877171129,0.4729546720354293,-1.2613599945791338
463,linear,-146.70989310268322,0.7388215725258682,0.28795942807578284,
464,linear,-173.59021507177513,0.8995040000564751,0.10712488355944691,
465,linear,-81.98657573503789,0.864042099053305,0.11526394640994699,
466,linear,-46.36778232426619,0.050233273677775414,0.5176460355352663,
467,exponential,-179.30258433816604,4.404734255331824,0.20742558488897392,-4.421452264914435
468,linear,-127.13689357155415,0.8422179027275284,0.19703468506273686,
469,linear,-173.52780906598215,0.9435926443089659,0.07374760488354613,
470,exponential,-278.71986901565265,1.6531736074081094,0.47254574948555533,-1.6520609112283657
471,linear,-174.2175470458934,0.9796095341253203,0.011899127578714436,
472,exponential,-172.26258668964678,3.437723422829276,0.24309196820170462,-3.378347353794073
473,linear,-153.08979637753473,0.9268917524943273,0.11069830686594627,
474,linear,-134.77430640484857,1.0354678827806363,-0.025905850475960026,
475,linear,-168.57176687492844,0.7672239969368939,0.25670621189295334,
476,exponential,-177.13065901078994,5.4809081037216965,0.16556084201675042,-5.471408093282522
477,quadratic,-162.5882743514828,0.6587297539934893,0.3379024499888239,
478,linear,-145.3043289015544,0.756455171913645,0.3076022391886039,
479,linear,-169.3625792240624,0.9774277688291212,0.01857933748251401,
480,linear,-1493.3136557755302,1.0,0.0,
481,exponential,-204.5175242664616,13.676843711947566,0.0707101975554622,-13.677331320050476
482,linear,-147.47061171894208,1.5408925527264665,-0.5090953179819877,
483,linear,-86.1936738019169,0.8146455268755983,0.23665114491468453,
484,linear,-166.21272775741278,0.369629454965457,0.6417427484178941,
485,linear,-136.3613657140993,1.0639537601426974,-0.027999423263152926,
486,linear,-175.73417625649705,-0.6883995698286186,1.2366988897287674,
487,linear,-146.8819029046854,0.6946906330461367,0.2945970644137,
488,linear,-135.7096899770512,0.8708417496996358,0.18343161028323957,
489,linear,-100.9138982162186,1.0418604651017165,-0.04147286827612681,
490,linear,-116.03171133321631,-0.8555290363544352,1.1118167956295895,
491,quadratic,-94.26358305547097,0.6010502991900285,0.36187244265064017,
492,linear,-144.28966109066425,0.7793574844988838,0.19856459331521797,
493,linear,-116.76810152788967,0.9066482337001898,0.13969066626284132,
494,linear,-216.55631404060935,0.6552551595684185,0.34170532680054394,
495,linear,-120.09916825117017,0.9981055742298894,-0.03597572818537266,
496,exponential,-229.83793339073986,9.81082778465245,0.09713391172435808,-9.80960962002929
497,exponential,-135.9744501569532,0.6906971786109513,0.8341998267017473,-0.5776259078721978
498,linear,-98.2192955540252,0.8629484438807671,0.260202029090802,
499,exponential,-154.08627750780138,3.3260334757618266,0.25978289685433814,-3.307003202649148
500,linear,-149.2773732963453,0.9800061172685826,0.03387811954096166,
501,linear,-72.67368291626202,0.6983385804707846,0.23827002665185248,
502,linear,-184.42025541339436,0.3770222729366385,0.6198646834796412,
503,linear,-205.5890775693878,0.9821362232874749,0.021085065349535567,
504,periodic,-152.0564485832857,0.07665547319571475,8.479162635611647,0.9035789392819654
505,linear,-175.64401756042065,0.6874777577021879,0.3309787171916387,
506,linear,-50.21165683839343,0.3454791717099073,0.36807768719237216,
507,linear,-1473.1829035810915,0.8723404255319148,0.1276595744680851,
508,periodic,-131.30625762418833,-0.04634190843572797,8.96634800961407,0.9213935467203057
509,linear,-176.61559906862226,0.8183182610633047,0.18265677143338724,
510,linear,-134.29688887063523,0.9885073937241501,0.01691781680328002,
511,linear,-178.21528263009512,0.9908598043037173,0.006210275037551901,
512,linear,-194.27966047801047,1.0607142868276918,-0.058775511170144505,
513,quadratic,-165.2561593968816,0.3948407430647034,0.5840073685839714,
514,linear,-149.56751245083123,0.6361704466730108,0.37626361896399735,
515,linear,-145.98511115185883,0.8311174741192368,0.16944955436397743,
516,linear,-162.13199251892343,0.8958991123575268,0.1126893560399621,
517,linear,-184.57980159674148,1.0218739544708235,0.002867179142840364,
518,linear,-71.39807894127419,0.6708849517617235,0.2809051237622784,
519,linear,-154.38198455198068,0.9999857202808944,0.010904902248309895,
520,quadratic,-159.12386759307816,0.5316967289153037,0.47937138976306953,
521,exponential,-134.38119884439524,1.502520069564768,0.5011478677389686,-1.4736162444597596
522,linear,-152.73661046093952,0.9726027383301158,0.025059273806685416,
523,linear,-257.83212355186157,1.0030163244302772,-0.0011572442702301024,
524,linear,-154.83653715275594,0.5473701333442951,0.4795893828551253,
525,linear,-68.52296614086347,-0.6672631586972881,0.5364060154770863,
526,linear,-141.50438935974384,0.8689260113100954,0.17713784331609345,
527,linear,-126.48464084808158,1.3324682155055854,-0.32300082692767595,
528,exponential,-193.49966899325256,1.3695306750829348,0.4727800755197932,-1.191537127426639
529,linear,-92.29668449787923,0.7504302929449526,0.3590361443506824,
530,linear,-133.15371917409885,0.8503833889883993,0.18699341886184329,
531,linear,-149.29345611516158,0.9581858052234932,0.10187422528780041,
532,linear,-180.77714439615522,0.18365061552084325,0.8237961928123716,
533,linear,-122.83628584811377,0.8489586099225953,0.1965504034940622,
534,linear,-99.91896754177647,0.8415571301884899,0.09560028220999246,
535,linear,-152.11645720138503,0.5204502578849695,0.49385805054858495,
536,linear,-132.0312165595919,0.7027675586976222,0.35923852104545045,
537,linear,-55.64854529625259,0.5061963439887925,0.08628106020644365,
538,exponential,-206.38969327568023,-1.027420978089038,0.2579688940873387,2.0802548271259726
539,linear,-161.25634447618287,0.9305639818592453,0.07175683193834002,
540,exponential,-162.0730389997909,2.93375259102309,0.32137981857368164,-3.045178611827562
541,linear,-148.3309787104254,0.6157128392443892,0.3677151734868501,
542,linear,-147.1262618796095,0.9585943351454224,0.04866556768266351,
543,linear,-190.09319252285164,0.23660760885799564,0.7763967861831983,
545,linear,-133.88128322940207,1.2488289304470948,-0.25536818473999096,
546,linear,-156.91602703726653,0.30033044771435885,0.7205062471143242,
547,linear,-162.52053301345413,1.0104706719481085,-0.023472603429072945,
548,linear,-135.5323325733722,0.910984248827841,0.07480225799193925,
549,exponential,-158.49615952260868,1.574041859474169,0.49016835971681194,-1.548466892882995
550,linear,-141.67335306629778,0.7111732695731963,0.2562039511208762,
551,exponential,-208.09741263235722,16.01951749561396,0.05896903908736794,-15.991460726964679
552,linear,-137.2992595736765,0.8424539860733213,0.12387457354195203,
553,linear,-153.2257755054181,0.8784475029126116,0.11495543958709196,
554,exponential,-154.23372929708862,0.8221218516954394,0.7021127760121252,-0.6372891906908363
555,linear,-154.74262358941394,-0.4186213477334575,1.0422110293212932,
556,periodic,-168.1193886391883,0.1272661119817475,8.0306846680859,0.8608746810245218
557,linear,-180.77199149394247,0.9522987797992497,0.045534943881905855,
558,linear,-140.14359099092127,0.8925666502126621,0.12069826795826981,
559,linear,-169.7781186622459,0.5742510676155932,0.4480157571608668,
560,linear,-191.58975263132496,1.0360607276450629,-0.03973997060952922,
561,linear,-146.73740104441848,0.625578628607075,0.3879768875322526,
562,linear,-165.18033303522162,1.119361654344122,-0.12005028604527257,
563,linear,-138.04866744449626,0.9975815730583918,0.05471541085585421,
564,quadratic,-119.64080389103658,0.6342005279369437,0.33382517430834746,
565,linear,-117.66775138722855,0.32668331962068176,0.7117299786575203,
566,linear,-152.17234738747263,0.9170895528292455,0.0917622000596613,
567,linear,-243.09445643997717,1.0042227171073657,-0.0014778179349580985,
568,linear,-90.25258828701654,0.8054024106993702,0.23834938348001117,
569,linear,-199.0350885975119,0.21160006936065337,0.8000563521386606,
571,exponential,-150.66690552714425,3.0724088179173727,0.291410732806224,-3.1060783701138295
572,linear,-21.06376697458679,1.188579016352341,-0.1336874714591523,
573,linear,-124.81891728230922,-0.875139295146028,1.0132952719663078,
575,linear,-162.64209349563095,1.1673084086792727,-0.1494339750375568,
576,exponential,-125.56008300080384,1.2931855139142876,0.5760722675273786,-1.305633240461047
577,linear,-151.3166718810184,0.7175903341187411,0.3369198650803709,
578,quadratic,-142.87862269160502,0.2601713665161065,0.7471542514808217,
579,linear,-125.20468685270505,1.2996863540841113,-0.3315234757582308,
580,linear,-181.06117371838843,0.47777148288721544,0.5409332725664181,
581,periodic,-128.35776024985825,-0.11668074122519012,4.48486179381903,0.8660960567775643
582,quadratic,-126.35086731672673,0.7367083865435934,0.24690638937641352,
583,exponential,-128.62466426147188,1.0925795489720123,0.6555353245970769,-1.0735067810356116
584,quadratic,-165.3416183688661,0.2561898030960973,0.7452204747521962,
585,exponential,-195.79747401073874,10.931679803010612,0.0863254004816198,-10.915340964439588
586,linear,-137.31903240092282,-0.5188203312474239,1.108136434414628,
587,periodic,-119.71021685006036,0.06658814228209503,8.317066170968832,0.8821410089724585
588,linear,-175.0221711011283,0.6714170039343287,0.34792365540219555,
589,linear,-82.80413485038666,0.6899482001491073,0.2918350330068509,
590,linear,-119.30642373811678,-0.5802227704693224,1.0113516546527144,
591,linear,-124.00045769304221,0.92445713989237,0.08797300947828796,
592,linear,-98.99370683672264,0.7233324560909434,0.36454800192185827,
593,linear,-148.04543024056653,0.5401731413585139,0.5078185654497293,
594,linear,-199.00450526556747,0.9932951818200438,0.002170693426010725,
595,linear,-172.04967930271485,0.9253231939766312,0.08416512759266265,
596,linear,-177.07562947868396,0.8392751201263744,0.18653378091281622,
597,linear,-64.34304383338426,0.5192880937345516,0.2964302812625665,
598,exponential,-139.77027448592295,1.5723717093949805,0.5150666005104094,-1.608635717342604
599,linear,-122.19241838683014,0.36727517605727167,0.6510523785472742,
600,linear,-140.25656004657935,0.9011188805299579,0.09363053648999557,
601,periodic,-95.01953461186095,-0.24598390426574163,6.33543967755557,0.7162864934964603
602,linear,-151.1792598350177,0.4007835402336314,0.6183071604387788,
603,periodic,-44.938153794673966,0.8793494835213326,4.768300261900211,0.973923393489253
604,linear,-128.8415524578035,0.7466527031964709,0.2621552667829353,
605,linear,-139.2847643690287,0.8501857063138392,0.18774571381283342,
606,linear,-145.30468002508147,0.905366947157118,0.15715421897351645,
607,linear,-108.15361984389439,-1.2954170910511522,1.3573190240068986,
608,linear,-142.31594291128218,0.7335084724071117,0.29730047835013934,
609,exponential,-157.76624820393437,1.1646686571001503,0.5746519098437807,-1.0530816982747941
610,linear,-84.81669061801847,0.441865726619789,0.5612061877389989,
611,linear,-141.9236761110325,0.5562481189381646,0.4817129236066585,
612,linear,-164.19023114615976,0.3063591701962779,0.7006062301068494,
613,linear,-141.8346172876031,0.47914480927996694,0.5762910228520909,
614,exponential,-163.8140502649551,0.9827830484946383,0.6236735938545875,-0.828607611399079
615,linear,-149.67322515349065,0.8575128190764695,0.14392808460534248,
616,linear,-156.11765121092878,0.5789885225151775,0.42342952400407813,
617,linear,-143.83898719654022,0.9709652630343015,0.038804117415098156,
618,periodic,-26.939027260843403,0.34030881230421617,8.481142290524351,0.6819239592482635
619,linear,-1572.6660568843554,1.0,0.0,
620,linear,-137.7407713393563,0.8115962997749345,0.19444765668341954,
621,linear,-155.02501806658717,-0.5675981749921207,1.178644458531898,
623,linear,-139.452246872032,0.9525706927995178,0.052214842524011755,
624,linear,-153.1250495835623,1.1186078852535157,-0.11151160245852117,
625,linear,-175.16805001489118,0.8981483195484965,0.11422013879233352,
626,linear,-89.7137002336366,0.8577058227055202,0.322808946678514,
627,linear,-124.52701644236298,-0.5278486272467637,1.047417656550604,
628,linear,-105.26907599282352,0.9318678084146302,0.18032910787723735,
629,linear,-178.6410209627975,0.28169823973511254,0.7333787118545126,
630,linear,-113.49766224313692,-1.065311179007996,1.1699700627356822,
631,linear,-159.89849782815807,0.972269464909085,0.06530984642979153,
632,linear,-150.58009761263574,1.0692369377371795,-0.07618221977464339,
633,linear,-112.32680464282458,0.8218416701680559,0.16716233167826808,
634,linear,-116.41330527830831,0.7832467351555348,0.2904593233616956,
635,linear,-131.08590009700592,0.9478735552346088,0.12510388411630585,
636,linear,-273.6154242455194,1.0001137825662356,-0.00022863252694501626,
637,linear,-119.6865519455594,0.5403813247225046,0.5375707000039351,
638,linear,-151.47008786415745,0.475887250640213,0.5542085497366289,
639,linear,-153.21049369107214,0.9691470053852602,0.03824215715387618,
640,linear,-138.61543366495735,0.8759288809245012,0.1266084263721209,
641,linear,-134.35119586760234,0.758433623508136,0.29504961725641315,
642,exponential,-182.13025606872802,1.2458904132684012,0.44392563148172065,-0.9304568850204407
643,linear,-122.39622409954656,0.9303092543688551,0.10204959517121255,
644,linear,-130.61347612956123,0.8593268904905604,0.18993632013901782,
645,linear,-134.1665306954824,0.6220462329393822,0.43043294660196013,
646,linear,-172.682529487002,0.8889666025355222,0.11856385149326926,
647,linear,-169.85833872612136,0.9571543999025012,0.05856269910937028,
649,linear,-1486.5445678190263,1.347826086956522,-0.34782608695652184,
650,linear,-149.640757028643,0.9098001607301636,0.11165001076314494,
651,exponential,-172.6685213712665,0.3474055002137368,1.4162943553455865,-0.4272875004935687
653,linear,-110.10585493910263,-1.006956862115427,1.115328939604204,
654,linear,-99.27662172042868,0.7502069628755851,0.2382583484582141,
655,linear,-148.3822453568614,0.5599999998292783,0.4666666667762131,
656,exponential,-153.0067445230636,4.567299894306924,0.21706131835989897,-4.670686324485271
657,linear,-98.88860310795395,0.9762503100347568,0.13345255982033044,
658,linear,-101.20658423322075,-0.684243617630677,1.0052492828205832,
659,linear,-153.93310299758238,0.4398496241196398,0.545864661646291,
660,linear,-150.35519196832274,0.861498807833176,0.13904851049753014,
661,linear,-102.32294376939927,1.046602360732252,0.08511809302065279,
662,linear,-154.15768011691205,0.6370519695128047,0.3292943111442161,
663,exponential,-140.75733317551308,-1.384149742689066,0.4887224000913241,2.4169299458783944
664,linear,-170.8711896030026,0.9675523121321767,0.03944903543958691,
665,linear,-142.70417059313885,0.7985498588871802,0.20017031851986894,
666,linear,-121.2081882517507,1.257424806980434,-0.2998355224895138,
667,linear,-162.47686261957867,1.0248396670470121,-0.0397075716381495,
668,linear,-115.40828835351803,-1.5239015022801867,1.8392920915606867,
669,linear,-179.03461866157295,1.035757373345693,-0.044827600707842793,
670,linear,-120.03432380079776,0.7217131110481474,0.3490106008871562,
671,linear,-132.58894572947193,0.805486425504901,0.19052036184853205,
672,periodic,-55.49773920301151,-0.23616965092480643,9.974064378000033,0.6815793328985593
673,linear,-70.47528764700253,0.7257065939163152,0.37327259222351344,
674,linear,-169.09359797489233,-0.5503358995815149,1.028239202346316,
675,linear,-139.2006853501112,0.8193198135160663,0.2049395093232805,
676,exponential,-168.9339588660873,2.592934249250466,0.32715179719429666,-2.577416078309446
677,linear,-145.42228766874825,0.8159872259772745,0.20187000024928958,
678,exponential,-164.4825781675317,4.735467090482043,0.19702401800921918,-4.757399711680783
679,quadratic,-49.45154110127609,0.018479686337798285,0.5848939648682433,
680,linear,-192.79529283225907,0.6683471876495278,0.3364249797643251,
681,linear,-151.45243411998837,0.7010843109985763,0.28554593437492376,
682,linear,-139.9401184089143,0.9010615676726266,0.05155859736881497,
683,linear,-105.1233339817659,0.5593592681001333,0.49368421036372623,
684,linear,-159.1300617067656,0.9107847873453198,0.10831117578560319,
685,periodic,-80.42188190363328,-0.1603055099608325,7.097353457079388,0.7603314040710336
686,linear,-160.21199598588544,0.44705237273077064,0.5741153244767947,
687,linear,-115.76791563237614,0.7909706611730087,0.2881170656005735,
688,linear,-112.56557447840278,0.9150710214170905,0.11026736523740674,
689,linear,-66.97925719850288,-0.23280113311062056,0.15479910350512383,
690,linear,-83.40560571950894,-1.13216374199042,0.9543859646042389,
691,linear,-73.52200662204032,0.5861291939426266,0.30737124181125325,
692,linear,-124.56318686212647,0.8650787042264381,0.17797384010580647,
693,linear,-138.1606969187629,0.779339083483796,0.260807948468426,
694,exponential,-175.47139421138817,3.309188597419006,0.22688961373344396,-3.1516969731685887
695,linear,-114.96695965910476,0.8322288974116492,0.17436605617109877,
696,linear,-159.19747656778813,0.8790655392915712,0.10314276631815904,
697,linear,-173.15499042650796,0.8068803340901037,0.19212989373867728,
698,linear,-194.00137146261918,0.3288204277001887,0.6874789084092217,
699,linear,-148.7128577116923,1.011578947215307,-0.0015789472623414077,
700,linear,-153.05003683006186,0.9490373728058843,0.05499914049252952,
701,linear,-147.83324660050064,0.8077549491823997,0.18652738177697897,
702,quadratic,-160.9119964041468,0.23963900091212187,0.76268474278956,
703,linear,-150.64644442027353,0.9702660992376474,0.06184562502936372,
704,linear,-210.35085817402265,0.9985877246036234,0.002281368348255137,
705,exponential,-154.19722108357635,0.15334600485388827,2.0347188867509267,-0.15280687135685714
706,exponential,-169.5477190889689,0.7693656110479113,0.6467545665535182,-0.46576176419979215
707,exponential,-157.2127688961925,1.3644054320435075,0.5204022765387882,-1.3031441918525875
708,linear,-253.1765853339816,1.0103472773710611,-0.008321847686808931,
709,linear,-152.034965482017,0.9880918377551919,0.017207114578008834,
710,linear,-173.3986986120378,0.8206551283025612,0.19206940811830572,
711,periodic,-62.67409508397557,0.501762105219735,4.456043254713476,0.5898889342707715
712,linear,-157.15283284858162,1.0183729584313397,-0.011620974362951257,
713,linear,-142.84882438622026,0.6125378751201136,0.41534082632897024,
714,linear,-183.83766262551296,0.7479509738764206,0.2657756220479963,
715,linear,-1470.6140571187505,1.107142857142857,-0.10714285714285712,
716,linear,-161.3326820965869,0.7795076013751633,0.2146335259871909,
717,linear,-154.02629968804328,0.8601310018373713,0.18147494547384282,
718,linear,-90.4865505175961,1.0026336131976392,0.14190863528119976,
719,linear,-154.09617094127876,0.9073297649155062,0.08670841282335706,
720,linear,-145.3936706653496,1.021273480096233,-0.020082005429025374,
721,linear,-115.34677125747109,0.7691729331960557,0.22952836575432398,
722,linear,-123.97073609041887,0.7153030926371262,0.3583218384187255,
723,linear,-160.88962921507056,0.9284266900363782,0.07729369073876588,
724,linear,-112.55612504407146,0.8150464908983316,0.1478063952556505,
725,linear,-184.8646861804564,0.8897580568976826,0.1082028478743576,
726,periodic,-174.0138249328389,0.13438996239336928,4.310055002049899,0.9278980132550511
727,linear,-126.94104162666643,0.846541034433292,0.15480123547770364,
728,linear,-172.99963346742533,1.0180206372283835,-0.015526496345733453,
729,exponential,-156.7561922512746,2.6554396722658464,0.3281242538807323,-2.66727582905999
730,exponential,-182.0907531266387,0.6880721337037363,0.4418128074736542,-0.06863226319657303
731,linear,-101.97119766960132,-0.37185143878642424,1.2017647138326524,
732,linear,-141.90643326729798,0.8870389485855359,0.0967200345362114,
733,exponential,-177.14079163365844,5.861756907635415,0.15311517134973457,-5.8388392748552285
734,linear,-120.64183177686763,1.1116700149296923,-0.08129890036170499,
735,linear,-103.79697097634454,0.8310362849794859,0.2647250124368152,
736,exponential,-179.82466145204359,3.857075703993567,0.22782993718513292,-3.834602131644061
737,linear,-96.6215029942259,-0.9049189271877413,0.9849376226069998,
738,quadratic,-44.75630599059271,-0.026731412980836478,0.5178819989925272,
739,exponential,-152.68576291371912,1.2939365171499204,0.5064026224973621,-1.1717937006626051
740,linear,-89.63946370982944,0.558549491092625,0.44634849100929624,
741,exponential,-131.32653548041847,-0.7077719381648327,0.7036672847123774,1.7191518756904154
742,linear,-196.75368051742296,1.0881178151509971,-0.08218410446722353,
743,exponential,-148.01088559860167,0.8800537074389042,0.9356660462717479,-1.219381674192498
744,linear,-160.63955612237638,0.4838493673153978,0.5408746873395437,
745,linear,-149.17209776116297,0.6128923377366882,0.38348341935486085,
746,exponential,-165.6290769859844,4.546914604816167,0.17867339862947365,-4.4414000424398346
747,linear,-118.21371433008106,0.8735998505756936,0.2237802875319762,
748,linear,-76.11818493457535,0.7029897963240881,0.17590189623513286,
749,quadratic,-148.47937609242308,0.9443753065375895,0.038744917392366914,
750,linear,-169.23949274863364,0.7374583765238457,0.2576990322993578,
751,linear,-133.98960796912004,0.8327459289302376,0.15915487488416064,
752,linear,-129.8686658205403,0.9910136910898825,-0.0005985735073154005,
753,linear,-77.723562330637,0.7223162676574594,0.2254088205017124,
754,linear,-52.70719661978413,0.49835465880068863,0.3973055749387706,
755,exponential,-157.58157415005357,1.2303923825712544,0.5917228658390155,-1.2381628480786269
756,linear,-131.95836773980213,0.8808431608963785,0.10719848433925122,
757,exponential,-128.03064249535478,1.838455354784771,0.41999973750779185,-1.8533181815677298
759,linear,-152.83262283446388,1.0638209010560147,-0.0658176122385086,
760,exponential,-49.789389592990766,0.9690114415431158,0.47949257012249946,-0.5657620448202879
761,linear,-120.4961672719171,0.6172616216852478,0.4567489906413705,
762,exponential,-166.4585779608644,3.4800888511613732,0.23947762624350277,-3.422324068134942
763,linear,-153.25545367151565,0.7821434988682353,0.24073662388808673,
764,linear,-165.54357377287803,0.556421900913083,0.45715071597670703,
765,linear,-165.825503893105,0.5204960800701532,0.516753295940541,
766,exponential,-191.60288550641891,5.638682929205293,0.1743707259105821,-5.717238026162104
767,linear,-162.76017782244298,0.4334446062087072,0.5870685172848716,
768,linear,-189.4571525774082,1.0023452413846585,0.0009570558258927696,
769,linear,-134.22702059135014,0.9123988137127594,0.08041414928761315,
770,quadratic,-15.012113342874992,0.48837761989971795,0.45941949259650294,
771,linear,-127.49915696607356,0.7739880072279697,0.27304620732009144,
772,linear,-155.4886647819534,0.9811808219344285,0.044275160622984686,
773,linear,-185.90687612420285,0.975105883156026,0.03315780363116149,
774,linear,-154.58758914053416,0.9393546875079953,0.07436062232751416,
775,linear,-152.8291254458823,0.3126170974635058,0.6917681067126512,
776,linear,-148.5241444515335,0.959613758009047,0.0770832274279463,
777,linear,-106.70758055578305,0.9330596025798777,0.025780007190788132,
778,linear,-188.2313223295806,0.9095311241693899,0.0891454529689053,
779,linear,-180.18857451205184,0.8237631746306875,0.17551446105980345,
780,linear,-140.3945724835949,0.812512447543847,0.1920760547652603,
781,linear,-167.51690740601254,0.6579915269059106,0.3753310078740854,
782,linear,-130.69948982716681,0.9150008530719798,0.06924390376012153,
783,linear,-187.6019951557239,0.7545800914026861,0.24751490788470504,
784,linear,-123.1904759819089,0.9595756900542686,0.11069235617978407,
785,linear,-214.55818987914668,0.9797300469846287,0.01700547851513942,
786,linear,-193.4608781533631,0.23130180557600333,0.7717625538064704,
787,linear,-189.13169859493271,0.7604027582285355,0.2478866810187079,
788,linear,-134.59571430617734,0.894042854921281,0.17346038989756926,
789,linear,-137.0521098525033,0.5261856772593545,0.5345640120810016,
790,linear,-116.59057609473919,-0.8084507726900927,1.1060348531587487,
791,periodic,-46.84847927451951,0.20385945371729455,6.276966677180385,0.5274943731504701
792,linear,-106.29594300485005,0.8104089960448834,0.29456015069375874,
793,linear,-107.08469732619045,0.8641507521276854,0.17148779105006356,
794,linear,-132.89036801600616,0.7614007277217386,0.2771526530519141,
795,linear,-107.71824357990708,0.8525159506528126,0.19349870997612362,
796,periodic,-51.56135018608354,-0.18110528567502446,5.134246626869371,0.6123208180091542
797,linear,-42.16543396553536,0.7854645354393158,0.22377622379034676,
798,linear,-170.91509606833088,0.8554965784841218,0.15209124710399857,
799,periodic,-59.68939464910613,-0.39266874612385416,4.496278868166395,0.5928369105641657
800,linear,-133.35598072995438,0.8690738922468045,0.12792250275352982,
801,exponential,-464.3264249650792,3491.690570255587,0.00028634615120351096,-3491.690528990625
802,linear,-190.55453645266167,0.5073121727577763,0.5073006950878394,
803,exponential,-150.444307839347,0.3960057608018631,1.2283348602520234,-0.3582882131028057
804,exponential,-135.53222569976094,0.7130022702203832,0.9101062131015972,-0.7523454531256126
805,linear,-170.23223161329136,0.9693711306276385,0.05324209841611069,
806,linear,-146.92615237317045,-0.5066302121018479,1.006889952262561,
807,periodic,-152.8454125525404,0.05605722781758568,4.794701191301812,0.9065279111565533
808,linear,-135.765434698996,0.6706605309059749,0.3015708270396867,
809,linear,-167.50603992520897,0.9285615103494195,0.05849611681545156,
810,quadratic,-170.20323638166352,0.6663962847206069,0.3243492496323786,
811,linear,-140.1595204208032,0.8554541874920507,0.19246519252478955,
812,exponential,-124.13995094517895,0.3867319472651544,1.2252730722201062,-0.339804935886004
813,exponential,-174.89730987462693,1.4408566292242604,0.45620582621824496,-1.273591808952129
814,linear,-152.33115468698048,0.8896241594716939,0.1450730247345556,
815,linear,-97.20107730671175,-1.1245753363765432,1.4061264526443982,
816,linear,-164.85340107606996,0.8064943398909815,0.21949481757317368,
817,periodic,-122.93278543214981,-0.19134946574301787,5.453276202063043,0.797087950763536
818,linear,-145.97581377058395,-0.5462818817454347,1.1357382087293844,
819,linear,-167.67928834761167,0.7396594662240363,0.2526179771578276,
820,linear,-107.97652011085843,0.9578783568216522,0.10672246983055757,
821,linear,-156.70746074269906,0.9465131830389691,0.05674273710451944,
822,linear,-176.96582428334318,1.6499703615542514,-0.6528230586554301,
823,linear,-141.9412256598615,0.836117997465192,0.2202409188438653,
824,linear,-173.05522328230586,0.9849047951334134,0.007489280982232072,
825,linear,-187.544453788719,-0.2643013599052003,1.049347291001276,
826,linear,-81.6604273342376,-0.9048982219365467,0.8722243445976806,
827,linear,-150.52524372736264,0.9160902254942388,0.08638596494504297,
828,linear,-129.03897881272653,0.8915346745283027,0.1234978852817135,
829,linear,-142.0885173228596,0.83080273843299,0.21966995502924105,
830,linear,-123.65719677178204,0.9860230627208996,0.0599872083716417,
831,exponential,-242.32207994432432,39.82111936403655,0.028527670584387745,-39.972440563148645
832,linear,-119.32938738643443,0.8333291479472285,0.24675563387615154,
833,linear,-145.13978070941863,0.8287986544123882,0.18484061774200333,
834,linear,-127.9260927280388,0.7671836008753397,0.27738702148896666,
835,linear,-131.5754304908527,0.9006569333649933,0.13925409735992905,
836,linear,-121.46922277129363,0.9481428894971438,0.14836469794639362,
837,linear,-181.7456941382719,-0.430907566161262,1.119827152444187,
838,exponential,-155.88575429389508,0.3128062817133036,1.4707852612633139,-0.346014789967059
839,linear,-151.766684694605,1.0463594890606294,-0.05954961817010094,
840,linear,-118.18261108170765,0.9966669248661408,0.09582202939377966,
841,linear,-181.3875595949512,0.8801320533684213,0.11910900222079365,
842,linear,-117.0006730288072,0.7420645247119204,0.3298139513938976,
843,exponential,-167.224389942371,1.882556827991795,0.47708693757726245,-2.02615487442308
844,linear,-117.1737739591886,0.8413360388387745,0.23955147342207725,
845,linear,-95.67948205653613,0.0636121561971177,0.834006891669741,
846,linear,-149.72077180044985,0.8545672193559046,0.15045212127646154,
847,linear,-159.92800898675827,1.0630726027244715,-0.06228424154177794,
848,linear,-200.66415702865152,0.809164419113833,0.19191374788220902,
849,linear,-168.54730371958473,0.6781289532891589,0.3368429058466816,
851,linear,-159.6411593669003,0.951695608788592,0.05306000952224576,
852,linear,-141.12552557682062,1.4638314976345077,-0.42936309200094286,
853,exponential,-135.93486959006015,0.9982564838007046,0.6783118395153418,-0.9692422291137284
854,linear,-67.02508278144326,-1.1633759488243918,0.8170009098743322,
855,linear,-129.9144350927441,1.1856074101541616,-0.18704429398947597,
856,linear,-158.22841718546707,0.8132552912895126,0.21254392766412408,
857,linear,-161.79499711065787,0.823216552085156,0.1563892970981458,
858,linear,-147.65167966649716,0.8990070840836434,0.09045843145539494,
859,periodic,-125.2293357247089,0.12403374568816802,7.283235573254375,0.8249626580803971
860,linear,-122.69133570201949,0.929946678390975,0.10776959638814039,
861,exponential,-164.43154264261253,2.661125891839355,0.24686020470206543,-2.401331935437726
862,linear,-168.3146201397113,-0.6771436159335461,1.0851172866555676,
863,linear,-186.36967360576304,0.2799789696881526,0.7261427451275686,
864,linear,-50.60029224400633,-0.8005726691697292,1.0656220135366645,
865,linear,-206.5749430764403,1.031707317248248,-0.029616724858656313,
866,periodic,-157.07499240329324,-0.2875737336478388,4.519166684419037,0.6976615848665466
867,linear,-159.6317851023284,0.9501295266641403,0.06079958637268686,
868,exponential,-138.97286895204402,1.1471933210496632,0.5533094834309044,-0.9854818777689256
869,linear,-115.27820040606066,0.950085791663973,0.13087642339472436,
870,linear,-96.63719650696403,-0.9089510438777995,1.0360606006938708,
871,linear,-92.014335202676,-0.8509890788884819,0.9471941414022407,
872,linear,-158.9749461202438,0.8877114993760895,0.12936453557402294,
873,linear,-164.43916471058074,0.2681218630145072,0.7189992606949366,
874,exponential,-278.67266075214053,34.968869703863476,0.027980836973948892,-34.960705049601906
875,linear,-143.4509803073371,0.3934977239263745,0.6593241031631015,
876,exponential,-455.81249283310507,4121.459121121084,0.00024260161498072184,-4121.459097770306
877,linear,-165.08518153725808,0.8737915325698995,0.12094906660535004,
878,linear,-139.44915319290496,0.4638864871363792,0.5963106561394914,
879,linear,-166.69815154654995,0.4042641974860641,0.6067905843881508,
880,linear,-98.32487458235491,0.6570774771615745,0.4337299766640864,
881,linear,-141.4559723071503,0.7851123452804045,0.21241717114302314,
882,linear,-164.83491899463885,0.9448468730490911,0.06925846661694336,
883,exponential,-150.38156948893294,0.23914934273726468,1.5445237459225019,-0.17034144891436168
884,linear,-158.45855129626247,0.9670699209651882,0.035912432262548095,
885,periodic,-99.84163148157623,0.07015370780205904,13.243218399253518,0.9252568698362875
886,linear,-100.39683836378653,-0.7736252360484618,0.9503523115312901,
887,linear,-159.85018193704173,0.9479229786896696,0.06602502368679841,
888,linear,-158.25953902813285,0.798343835253216,0.20304272571499832,
889,linear,-142.96561921604436,0.9563250738082645,0.012758836193464572,
890,linear,-161.7854429796322,0.7593446072138303,0.24208322967901405,
891,quadratic,-88.23563924522297,-0.5188833580592072,0.8458399798713432,
892,linear,-165.08080624119935,0.6955258162301062,0.28068950910831214,
893,linear,-106.6322948191347,0.9220483781483184,0.19877046308632476,
894,quadratic,-89.37538431063437,-0.7770533207536208,0.9007066553903456,
895,linear,-153.69614540158852,1.1475215217010477,-0.16156341235601712,
896,exponential,-163.77038668599926,0.28591624989428605,1.4986908413479443,-0.27611160858261696
897,exponential,-129.94068672344977,1.547380657592102,0.4779865230250071,-1.5278477277515077
898,exponential,-141.54212286117064,0.9872267416268397,0.722424605909734,-1.0251310392143282
899,linear,-137.8698956541566,0.8914263471159675,0.13790447493318975,
900,linear,-164.47070637351968,0.9516855141970909,0.05244316402522468,
901,linear,-59.054482204703575,0.7412599643241085,0.07152013923276417,
902,linear,-184.8192893120055,0.4660233257764198,0.5462376414839479,
903,quadratic,-172.4994052107146,0.2784810420347984,0.720431496157481,
904,linear,-111.26428933759505,1.2999629055939736,-0.32213744867190236,
905,linear,-146.5358736178209,0.9185151345725503,0.0679397094816179,
906,exponential,-142.79932129945388,0.08336660718831992,2.8574939360071543,-0.4680691812388665
907,exponential,-159.86495726750212,0.18653335120280706,1.8597089625021186,-0.19615606483662387
908,linear,-130.00195012102915,-0.562812524872672,1.0215529442730973,
909,linear,-159.37892991607788,0.9638957458917741,0.050699683445467755,
910,linear,-141.07067766887337,0.8747876807598843,0.12011438594853852,
911,linear,-137.69630014442606,0.31656302310962153,0.7233926283329677,
912,linear,-118.7014604532414,-0.4243488001593368,1.0812663160062357,
913,linear,-146.51430004369794,1.316809883030286,-0.2984425356885765,
914,linear,-141.0756758769195,0.838575193049325,0.17596119494641366,
915,linear,-146.79005326970878,0.5700161982426672,0.48393614647380473,
916,linear,-204.7863674509678,1.0004096670825642,0.00023951981256662937,
917,linear,-138.07640280109007,0.5928626267247508,0.4326709789078423,
918,linear,-151.9979715241963,0.9923710855454148,0.02800737331895961,
919,linear,-155.912647745219,0.9052603357347625,0.11850247087292393,
920,linear,-145.8719041794416,-0.31465938548665334,1.0072837893382094,
921,exponential,-160.6335535566657,0.33330030485144013,1.2413245556596164,-0.13834168156227444
922,linear,-114.71786609186601,0.797891155298758,0.21984777184630994,
923,periodic,-217.1549216184666,0.0782761664909526,7.405181762247156,0.9289927175325815
924,linear,-157.8106914570316,0.8426489177123185,0.15053048916782805,
925,linear,-137.46373068880771,0.43837786154134734,0.5881474410627083,
926,linear,-149.207573516463,0.8208757188378898,0.2097965499304637,
927,linear,-176.32527070658116,0.5389151948557849,0.46060672338078107,
928,linear,-170.70216488472605,0.7509876927875675,0.2537856911877658,
929,linear,-123.20348910410159,0.8098068303052091,0.2042140659872707,
930,linear,-145.92323790046188,0.9037484604388575,0.09865086547885589,
931,linear,-158.8770243643859,0.6801152314662836,0.345947565282852,
932,linear,-111.49268761186411,0.9400800235206366,0.15415642357207035,
933,linear,-165.59065940940772,0.56420338893293,0.434690840686163,
934,linear,-167.28308701678475,0.9644952855208638,0.07643157836088368,
935,periodic,-95.44450043212018,-0.17881740395024026,5.527270447931588,0.7689432355473625
936,linear,-162.39195193509875,1.1257989147335052,-0.14674895243696628,
937,linear,-125.0349357031781,0.8919413373681951,0.08155136993804057,
939,linear,-229.48853203384974,-1.0608136156432322,1.226196035721349,
940,linear,-102.5817178785682,-1.0085318221711175,1.1318852638511518,
941,linear,-115.40259675110063,0.7855352668554714,0.2828320801193705,
942,exponential,-154.32275721531914,1.112065770292488,0.5769641322297818,-0.9684732944521832
943,linear,-122.7394437587706,0.3603627140862896,0.6830235301470318,
944,linear,-149.00848650065302,0.7793757657358368,0.2320729143555117,
945,linear,-119.83174148677126,0.9185127695077887,0.03871525359884142,
946,linear,-157.7978846794938,0.742089836970924,0.2648847422751495,
947,linear,-193.4310955649241,0.9927202674448825,0.0002893254262816002,
948,linear,-139.80950818013045,0.8306771203192236,0.1779956840701209,
949,exponential,-199.44170633696993,9.969682960533316,0.09539508955013634,-9.968348688680432
950,linear,-150.349596661457,0.9600999693525676,0.059886827583399714,
951,linear,-163.24069071874408,0.31305195478714387,0.6863956172871031,
952,periodic,-51.67675874055111,0.11454562871075245,4.035043226312437,0.9448929307415908
953,linear,-171.47227054437204,-0.5124980427790895,1.1831262714689197,
954,exponential,-142.01978870143304,1.035152938632059,0.5091254170023787,-0.7466108972299513
955,linear,-126.45416132296732,0.5685605945379135,0.4773192871073367,
956,exponential,-137.24958715000497,0.20826883186050385,1.6121084829770023,-0.11796329227274038
957,exponential,-143.00296057342916,0.7307524114498188,0.795088152927438,-0.5937947928063
958,linear,-170.8969047655169,0.9871102055160907,0.02564534054936287,
959,linear,-94.67442602497685,0.7727272726783966,0.32840909092462384,
960,linear,-134.95563732227816,0.752368064391272,0.29422823672289944,
961,linear,-106.69345930669402,0.8085121267108221,0.23012670251946807,
962,linear,-157.87860440499816,0.9799142862502186,0.00251415217081991,
963,linear,-168.61704997561037,0.6551373337317693,0.33842568360977904,
964,linear,-165.8494088803372,0.9272909096991722,0.0684581415543394,
965,exponential,-164.38220675928827,2.751158730732863,0.30742400199191544,-2.7513924193632433
966,exponential,-146.64904073091978,0.590889800544144,0.8969382150916103,-0.4476563237956568
967,linear,-153.333365539025,0.4875767421963185,0.526039016442542,
968,linear,-110.1080661040382,0.9277303205838262,0.15313021009382674,
969,linear,-159.4306550593571,0.8559354196779531,0.11185186441364905,
970,linear,-163.49966365754761,0.8641713614579808,0.14482161862870319,
971,linear,-143.07172203084502,0.9544734893424079,0.08695579457336143,
972,linear,-176.38814567556574,0.7735342114503653,0.22002097344888513,
973,linear,-162.7927323393826,0.9181428338744906,0.0839821920007062,
974,exponential,-193.42248113834074,0.4365644201394064,0.525593885407926,0.2607195145753628
975,linear,-218.74638254262587,-0.3544434857190818,1.002394305412896,
976,exponential,-209.15283263554903,0.47158078623121835,0.932900814460309,-0.19710140133456344
977,linear,-185.63391268047306,0.9854323307527421,0.0014724311222809963,
978,exponential,-174.8879343412479,1.2769311586748675,0.36177427852989985,-0.8241977475533055
979,periodic,-165.3879846198275,-0.1678193343118344,4.952984302376559,0.8096205864967555
980,linear,-123.03730292657495,0.7540180848489648,0.26341115112702124,
981,exponential,-158.9700533991751,1.2815985904786178,0.618988043684772,-1.3713345942931496
982,linear,-59.88846786410514,0.3397205370782205,0.44468118112541577,
983,linear,-130.85735817994498,0.5164539255103985,0.47989158943975974,
984,exponential,-164.55741758515018,0.7998256649199755,0.8024844360177501,-0.8000418740176085
985,exponential,-142.8940379258681,2.4157966184955906,0.35354430342230797,-2.421440105928607
986,linear,-143.04630412081696,0.7079558245652905,0.30853377063942566,
987,linear,-95.38674462665956,0.7130060999382729,0.34847654898061714,
988,linear,-160.41388809593843,-0.7201942896670624,1.2299244581199194,
989,linear,-158.71942703462415,0.5284283332905884,0.5060751723095837,
990,linear,-92.63786854794544,0.860594347739601,0.08282340299021962,
991,linear,-156.91617324652955,0.39770872455252804,0.6125730606826918,
992,linear,-263.10433722661173,1.0017294499036518,-0.0015922840893507922,
993,exponential,-181.12237382421333,1.3637741993856025,0.576551420955681,-1.4269665207230686
994,linear,-121.94868576514192,-0.7732793510625731,0.996356274692609,
995,exponential,-170.9193264534561,2.0578232521936743,0.32386415104649413,-1.829663962263122
996,linear,-154.4373515255002,0.9300234851761662,0.046955655133727354,
997,linear,-180.62592469593469,0.9758913415380271,0.010744603267566979,
998,linear,-166.05414628404313,0.6101584515070677,0.3802906755419348,
999,linear,-164.0157561870952,0.6720059753641818,0.3194182583087999,
